title,img,content,region,price,link
예쁘게생긴 자전거팝니다,https://dnvefa72aowie.cloudfront.net/origin/article/202203/e5cba50d2823920e3f91a421b0a217c383284b1686cf55fb62aa7c78c508a25e.webp?q=82&s=300x300&t=crop,자물쇠포함 7만원입니다. 산지 2년좀넘었는데 처음에 타다가 거의안타서 사용감별로없고 실내보관해서 녹안슬었습니다. 타이어바람만좀 넣으면 바로타고다닐수있습니다,전남 해남군 해남읍,"70,000원",https://www.daangn.com/articles/372781209
"삼천리 자전거 안장, 열쇠  등",https://dnvefa72aowie.cloudfront.net/origin/article/202112/4a3b9aeb4fb7d4b13558a93bbfb61716a5f004bf874d7476dd3c37609a29ffbe.webp?q=82&s=300x300&t=crop,"A급 삼천리 자전거 안장, 열쇠, 반사경 등
5종 일괄 판매합니다
필요하신분 연락주세요 
총 15,000원 입니다",전남 해남군 해남읍,"15,000원",https://www.daangn.com/articles/329764102
실내자전거,https://dnvefa72aowie.cloudfront.net/origin/article/202203/018deae1aa04a4e9cc47ba4994cedc603b35b7038e442ff5f5ac80423a7553a3.webp?q=82&s=300x300&t=crop,얼마사용안함,전남 해남군 해남읍,"30,000원",https://www.daangn.com/articles/371983773
실내자전거 팝니다,https://dnvefa72aowie.cloudfront.net/origin/article/202203/1caa5986c6d749c053fe1f2def13f9368cb1ab390339ced7fa9a8cb59a8da451.webp?q=82&s=300x300&t=crop,"구매한지는 조금 됐는데 몇번 사용을 안했어요 운동 잘됩니다 
가지러오셔야 됩니다
관심있으신분 연락주세요",전남 해남군 해남읍,"40,000원",https://www.daangn.com/articles/367442822
키즈 헬멧 미개봉 새제품 size M,https://dnvefa72aowie.cloudfront.net/origin/article/202203/8B6C455C2960682D54F8090E7EB2A1A50983CA77BAA7F7B325A6C8E48B5BF074.jpg?q=82&s=300x300&t=crop,삼천리 자전거 헬멧 사이즈 M미개봉 새제품입니다.,전남 해남군 해남읍,"20,000원",https://www.daangn.com/articles/372676293
기어자전거,https://dnvefa72aowie.cloudfront.net/origin/article/202203/63256ac69bda689dfd5247b2f67036e1573956865903589a2d5ee734009671dd.webp?q=82&s=300x300&t=crop,얼마쓰지않고장기보관만해상태깨끗합니다헬멧도세트로드려요!!가지러오셔야합니다!! 삼천리,전남 해남군 옥천면,"150,000원",https://www.daangn.com/articles/368791423
스포츠/레저,https://dnvefa72aowie.cloudfront.net/hoian/category/thumbnails/v2/img_thumb_sports.png,저렴하게주실분,전남 해남군 산이면,-,https://www.daangn.com/articles/367384252
영국하이브리드 자전거 1+1,https://dnvefa72aowie.cloudfront.net/origin/article/202203/dea6a77d9125b81da024cbe695bcb9fee89676dd3a9509851bb8fc9c27ff7e1a.webp?q=82&s=300x300&t=crop,"오늘까지 급처안되면 지인한테 팔거 에요,
빨리 사세요  반품 안되요
체인만 갈면 거의 새거에요",전남 해남군 해남읍,"70,000원",https://www.daangn.com/articles/365846395
삼천리자전거 팝니다,https://dnvefa72aowie.cloudfront.net/origin/article/202202/c69cf14e43f7b03ccefdb1453a8bb59b0cc43f9639085b6ba75b2a4ad104aaa5.webp?q=82&s=300x300&t=crop,"해남삼천리 자전거에서 산지는 2년정도 됬습니다
수리해서 사용하셔야 합니다
앞 바퀴쪽 수리 필요합니다
중고이니 반품 환불은 안됩니다
예민하신분은 사양합니다",전남 해남군 해남읍,"50,000원",https://www.daangn.com/articles/351146197
자전거,https://dnvefa72aowie.cloudfront.net/origin/article/202202/5615cce962fcfd2ee9e521854cb2c3d3a948c15469241f767d55f4752476adaf.webp?q=82&s=300x300&t=crop,상태괜찮아요,전남 해남군 해남읍,"60,000원",https://www.daangn.com/articles/359743784
자전거 타실분~,https://dnvefa72aowie.cloudfront.net/origin/article/202202/0b4a20c0da889f2564c8c7204437933c0f4ce9f41b2abe41f995a0227c847723.webp?q=82&s=300x300&t=crop,초등학생 아들이 탄다해서 구입했는데 거의 타지 않아 타이어도 새거에요,전남 해남군 해남읍,"120,000원",https://www.daangn.com/articles/363900899
실내사이클 삽니다,https://dnvefa72aowie.cloudfront.net/origin/article/202203/36f63b7d403aeb8c37c72826888e0fd281f04f483bf892f845c16bd1bb0f00a7.webp?q=82&s=300x300&t=crop,"실내사이클, 실내자전거 구매합니다",전남 해남군 산이면,-,https://www.daangn.com/articles/368687226
외발자전거,https://dnvefa72aowie.cloudfront.net/origin/article/202202/07226d30962a6cfac7bf4cb389025ac1ca29da2e45ce40228808198b50cd5f82.webp?q=82&s=300x300&t=crop,신랑이  외발자전거 타고 연습 하다가 지금은 안타서 내놓아요,전남 해남군 해남읍,"20,000원",https://www.daangn.com/articles/363253682
야핏 사이클 판매,https://dnvefa72aowie.cloudfront.net/origin/article/202203/f09130dda58011911e059c5783fd6a9b1145adeeedb91b9463cea30ea4b7c4e7.webp?q=82&s=300x300&t=crop,"저도 지난 2월에 당근으로 구입한 야핏 사이클입니다.
구입하고 몇번안탔는데 저랑 안맞아서 판매합니다.
센서가 내장되어있어서 야핏 프로그램만 구입해서 이용하셔도 되고, 프로그램 없이도 스피닝 자전거로 사용하실수도 있습니다.
네고가능합니다.",전남 해남군 해남읍,"750,000원",https://www.daangn.com/articles/367142782
자전거바구니,https://dnvefa72aowie.cloudfront.net/origin/article/202112/dda18635501013a0dc77cd126689ef9860c3f7d2bbf5f5b92070794908da33d7.webp?q=82&s=300x300&t=crop,"접었다 폈다 자전거에
달아서씁니다
다른용도로 활용하셔도돼요
한번도 안 쓴 새제품
자전거 바구니예요",전남 해남군 해남읍,"4,000원",https://www.daangn.com/articles/325250139
자전거 헬멧,https://dnvefa72aowie.cloudfront.net/origin/article/202202/7e22105acfa31e4d325e89666e083b35519e98a2c47383ca5857190b5cc7184c.webp?q=82&s=300x300&t=crop,"몇번 안쓴 자전거 헬멧 팝니다

(직거래원함)",전남 해남군 해남읍,"9,999원",https://www.daangn.com/articles/361362594
자전거 헬멧,https://dnvefa72aowie.cloudfront.net/origin/article/202202/8f4dcd1f7e7e16dc827f072e1c9fb4a5637fec6e85cc0d3e3a215589a67ac38f.webp?q=82&s=300x300&t=crop,"자전거 헬멧
필요 하신분 문자 주세요^^",전남 해남군 해남읍,"5,000원",https://www.daangn.com/articles/358795712
숀리 스탠딩자전거 판매합니다.,https://dnvefa72aowie.cloudfront.net/origin/article/202201/c072cc3bd7dbc5ed2f3a8a32de820e38d9a1a8a633dcd187a3dfda6673ed5379.webp?q=82&s=300x300&t=crop,숀리 스탠딩자전거입니다 유산소 운동 끝장판입니다. 물건 상태 좋고 가지러 오셔야 합니다. 연락주세요,전남 해남군 해남읍,"30,000원",https://www.daangn.com/articles/342859730
실내용자전거,https://dnvefa72aowie.cloudfront.net/origin/article/202202/75fdf8eee46d1dd437fe09f0925ee2cfed927c62f319790ce146af9ece63bd3e.webp?q=82&s=300x300&t=crop,"구입한지3년정도됐구요 ..실제 사용은 거의 안했어요..거의 새것이나 다름 없음..기스조금 있는정도...
실제로23만원주고 샀어요..택배는 안되구요..가지러 오셔야 해요",전남 해남군 해남읍,"100,000원",https://www.daangn.com/articles/361110316
삼천리자전거 제오7,https://dnvefa72aowie.cloudfront.net/origin/article/202202/3B73215659F8BEFC87FE478C121EE267BCBCB5AE8697CED52CACC69599054F88.jpg?q=82&s=300x300&t=crop,"삼천리자전거 제오7 하이브리드입니다
구입 후 별로 쓰지 않고 오랫동안 쓰지 않아 내놓습니다 쿨거시 60000
자물쇠 추가요",전남 해남군 해남읍,"65,000원",https://www.daangn.com/articles/359506709
산악자전거 팝니다,https://dnvefa72aowie.cloudfront.net/origin/article/202202/af1dc7d80af314d05a4dfafe0fe238a9534d25245d7649bcba497744fc362aa3.webp?q=82&s=300x300&t=crop,직거래로 하고 직접 오셔야해요,전남 해남군 해남읍,"300,000원",https://www.daangn.com/articles/358503593
자전거 판매해요,https://dnvefa72aowie.cloudfront.net/origin/article/202109/f41db27f9c30d43e6ca45e27763beb8c31af30dcc8b25478285b5e1900ff20b0.webp?q=82&s=300x300&t=crop,"운동용으로 주문해서 샀는데
막 타기에는 너무 부담스럽네요
기어30단 26인치 펫바이크 자전거
저렴하게 드리니 연락주세요",전남 해남군 해남읍,"650,000원",https://www.daangn.com/articles/281325936
자전거 판매,https://dnvefa72aowie.cloudfront.net/origin/article/202202/493e730d80554ed6563b895672fbf23d0375e763f48d9005711d9276bb85f485.webp?q=82&s=300x300&t=crop,"자전거 판매 합니다

판품 안됩니다",전남 해남군 해남읍,"50,000원",https://www.daangn.com/articles/356492740
전기자전거,https://dnvefa72aowie.cloudfront.net/origin/article/202202/0525a92944163096c55e33723d24668dfc9d74d49b5e46e269377952fffde4e8.webp?q=82&s=300x300&t=crop,작년10월에98만원에구입하고4만원주고조립하여총102만원들어호기심에구입했지만몇번안타고지금세워둔상태입니다.새것과다름없고작동도잘되고충전기랑그대로다드릴겁니다.마음있으신분연락주세요.,전남 해남군 화원면,"580,000원",https://www.daangn.com/articles/355930257
로드 바이크 판매해요,https://dnvefa72aowie.cloudfront.net/origin/article/202202/33f34a5b0af4bbad90a3d78298613264dcf9b7fcdf6802fcf32423ccd8476e4e.webp?q=82&s=300x300&t=crop,"운동하려고 샀는데 실제론 장식만 해놨던 자전거입니다.
야간전등이랑 벨 달려있어 아이들 타기도 좋구요.
이사가게 되서 내놓습니다.
연락주세요. 
가격 네고 가능 합니다",전남 해남군 해남읍,"140,000원",https://www.daangn.com/articles/359266634
자전거 팝니다!!,https://dnvefa72aowie.cloudfront.net/origin/article/202202/0fc1bed9ecf0bee2471ecdedacf8f869c7a57fc0b8fba287eafd9df152a11986.webp?q=82&s=300x300&t=crop,"여자분들이 타시면 좋을듯합니다.
우리 여자 아이들이 탈려고 샀는데,몇번타지 않아 깨끗합니다.
반으로 접어져서 차량에 싣고 다니기 좋습니다.",전남 해남군 옥천면,"30,000원",https://www.daangn.com/articles/355615246
여성용  자전거 삽니다,https://dnvefa72aowie.cloudfront.net/origin/article/202202/26215671a12422abd2b372530383f80b8c4e555c594c3e010f791252d640d8de.webp?q=82&s=300x300&t=crop,"상태 좋은  여성용 여자 자전거
구해요.저렴하게 주실분!!

해남읍에서 가까운 곳이면 
좋겠어요.  먼거리는  못갑니다

자전거 찍은 사진 보내주세요",전남 해남군 황산면,"50,000원",https://www.daangn.com/articles/353115362
삼천리 모디2자전거,https://dnvefa72aowie.cloudfront.net/origin/article/202112/F09ECA4249F2AA17C1B1FEAF063C67217FA1B4E6215E25992BE0E525F39D02A3.jpg?q=82&s=300x300&t=crop,"2018년도에 구매해서 사용횟수는 적은데 그냥 냅둬서 이제 아이도 크고 해서 팔려구요~~!!
구매당시 20마넌대에 구매했구요!

색상은 멜란지그레이입니다!

기능이 마주보기 앞보기 되고
등받이 살짝 눕힐수있아요~~~

세탁은 따로 하셔야합니다ㅠ
직접가지러오셨으면좋겠숩니당

사진은올렸어용",전남 해남군 해남읍,"90,000원",https://www.daangn.com/articles/328718191
실내자전거 팔아요,https://dnvefa72aowie.cloudfront.net/origin/article/202201/D715847F34420896B21633C92AC0E196743E15AA514E1697F6BBFA277627D13C.jpg?q=82&s=300x300&t=crop,"원가 140,000 
사용 2개월 주1~2회
연락주세요~~",전남 해남군 해남읍,"90,000원",https://www.daangn.com/articles/350320142
도노도노 전동바운서 외 출산용품 일체 판매합니다,https://dnvefa72aowie.cloudfront.net/origin/article/202202/39de697b3bf1f159051b73f4299bf73c2c1bde29d858ed437b680f6d01b499bb.webp?q=82&s=300x300&t=crop,"도노도노 전동바운서는 거의 사용하지 않았어요
타이니러브 모빌, 유모차, 자전거, 아기욕조,식탁, 장난감 등등 출산 후에 꼭 필요한 용품들이에요
직접 가져가주셔야 돼요 필요하신 분  연락주세요",전남 해남군 해남읍,"300,000원",https://www.daangn.com/articles/354410775
아동 자전거,https://dnvefa72aowie.cloudfront.net/origin/article/202201/0a6de5b927c4a615773ccb217169e524760f6b678603f4ec3907db0a3d887c6c.webp?q=82&s=300x300&t=crop,어린이 자전거 팝니다!,전남 해남군 해남읍,"50,000원",https://www.daangn.com/articles/349380167
실내자전거,https://dnvefa72aowie.cloudfront.net/origin/article/202201/751D7FA45EF1E488194091BE6F1B07BC65B7F8A21434F215E7F570A75AAD833C.jpg?q=82&s=300x300&t=crop,"무게감 있습니다
반품 안되고 직접 오셔서 가지고 가셔야 합니다 ~",전남 해남군 옥천면,"70,000원",https://www.daangn.com/articles/348676339
실내 자전거,https://dnvefa72aowie.cloudfront.net/origin/article/202201/2e79fae50191796c38fb95b4c80069c9f0145dd04a701ecfcf152214e38737f2.webp?q=82&s=300x300&t=crop,"계기판은 작동 안되지만
돌아가는 것은 잘되요
운동하는데는 지장 없어요
부담없이 운동 하실분 연락 주세요
자가용에는 못들어갈것 같아요
가지러 오셔야 해여",전남 해남군 해남읍,"10,000원",https://www.daangn.com/articles/347978068
여성용삼천리자전거,https://dnvefa72aowie.cloudfront.net/origin/article/202201/2a2811ae704736f13dc30ec58754aecf9187f7c0a7e2d0efda573381b3b34642.webp?q=82&s=300x300&t=crop,상태좋아요,전남 해남군 삼산면,"50,000원",https://www.daangn.com/articles/347773572
자전거,https://dnvefa72aowie.cloudfront.net/origin/article/202201/b0e07a6a09aa8789ea03055c5f33a0a8481e1c8948308ad9dd3e8b53f96b7976.webp?q=82&s=300x300&t=crop,새제품이에요,전남 해남군 해남읍,"30,000원",https://www.daangn.com/articles/347720495
자전거,https://dnvefa72aowie.cloudfront.net/origin/article/202201/c7e6d5eef9c2d44982c43fa0b74fc0548d975adf9c5c8c020d17fbd2203a8d6c.webp?q=82&s=300x300&t=crop,"가격수정해서 다시 올립니다

30만원 가까히 주고산  자전거이며

잠깐  타고 새워놓은 상태입니다",전남 해남군 해남읍,"70,000원",https://www.daangn.com/articles/346951047
픽시 자전거. 콘스탄틴 어베인 2018년식 판매,https://dnvefa72aowie.cloudfront.net/origin/article/202111/467E52D4EAC83C34C791E20CDD2C53FF4DB9C48E1C859F705AE850639A3D2411.jpg?q=82&s=300x300&t=crop,"찔러보기 가능

택거래는 택배비 내주면 가능 입니다

도까 많이 없고 작동 잘됌

원가 740000",전남 해남군 해남읍,"290,000원",https://www.daangn.com/articles/311502461
아동용 자전거,https://dnvefa72aowie.cloudfront.net/origin/article/202201/9409c5a18e7fa1b2ce6df203e8ab9d8f784dc2456a7380450597a6ea002470dd.webp?q=82&s=300x300&t=crop,무료나눔합니다,전남 해남군 해남읍,나눔,https://www.daangn.com/articles/346602073
자전거,https://dnvefa72aowie.cloudfront.net/origin/article/202110/6c3d09fcf4a32ffe7a77754200075c842da44f425c765409a775fd58d705ed33.webp?q=82&s=300x300&t=crop,풀카본  105   사이즈 m   165  180,전남 해남군 해남읍,"554,000원",https://www.daangn.com/articles/295832619
실내자전거,https://dnvefa72aowie.cloudfront.net/origin/article/202201/D40089BF0DD346B3986561D3F2D271EB18B5748C5630EF4EEF9FC4EAA8ED030C.jpg?q=82&s=300x300&t=crop,"실내자전거 팔아요.~~^^
덤으로 다이소 요가매트도 함께드려요.",전남 해남군 해남읍,"50,000원",https://www.daangn.com/articles/343743154
실내자전거(사이클) 팝니다.,https://dnvefa72aowie.cloudfront.net/origin/article/202201/bc9e59c9c667066ea45d946275fbdc28ce610cd5a53dec1e66cd753e8b54ab24.webp?q=82&s=300x300&t=crop,"올해 여름에 구매했어요
작동 잘 됩니다. 
이사로 인해 정리합니다
배송 불가하며 직접 가지러 오셔야합니다.
위치는 해남읍 입니다
이번주 수요일~금요일 오전 사이에 거래가능합니다.
연락주세요",전남 해남군 해남읍,"35,000원",https://www.daangn.com/articles/343562980
어린이 자전거,https://dnvefa72aowie.cloudfront.net/origin/article/202201/a62726df2eaa0f7b4882a6cbc139252a4c5fa19d0a508ab18f73e0cda1f4237f.webp?q=82&s=300x300&t=crop,오래 방치해놔서 타이어는 교체해야합니다!,전남 해남군 해남읍,"10,000원",https://www.daangn.com/articles/343194980
접이식 20인치 자전거 팝니다,https://dnvefa72aowie.cloudfront.net/origin/article/202201/28803C16D96581B947B0C666229E301EC9191A17E5E570F65E9DA93F93443390.jpg?q=82&s=300x300&t=crop,"마실용으로 타기좋은 자전거 입니다
필요하신분은 연락주셔요",전남 해남군 문내면,"72,000원",https://www.daangn.com/articles/337054212
새 자전거 판매합니다,https://dnvefa72aowie.cloudfront.net/origin/article/202201/9cb51f992ba5bf374cad480936a22bdd9359492f0f894dd7c09e8dc6f2115506.webp?q=82&s=300x300&t=crop,새자전거 판매합니다,전남 해남군 해남읍,"100,000원",https://www.daangn.com/articles/343026954
자전거수리용품,https://dnvefa72aowie.cloudfront.net/origin/article/202201/e7b5b84543f6bdf30d964505159bac6d6db8b9bd9748022d76a9b074ed670f9a.webp?q=82&s=300x300&t=crop,핸드폰거취대  휴대공기주입기  육각  물병거취대 수리톨,전남 해남군 해남읍,"20,000원",https://www.daangn.com/articles/341182640
자전거,https://dnvefa72aowie.cloudfront.net/origin/article/202201/87b68918cf5c57e5981802eb5ea2c26c4e6e91fff9d2960ed59a97309e2e03e4.webp?q=82&s=300x300&t=crop,중고 자전거 가져가세요 흠이있다면 왼쪽 페달이 헐렁거리네요.. 연락주세요^^,전남 해남군 해남읍,-,https://www.daangn.com/articles/341002393
알톤 MTB 산악 자전거,https://dnvefa72aowie.cloudfront.net/origin/article/202201/C535B3A5C88ADC778CBE4AA5F205EE1C897D505DD1885BD69D23CA85B7EE8235.jpg?q=82&s=300x300&t=crop,운동할때 탈려고 산건데 산책용으로 몇번 타고 창고에 짱박아 둔 상태입니다 가격조율 가능 연락주세요,전남 해남군 해남읍,"200,000원",https://www.daangn.com/articles/338266731
하이브리드 자전거 21단,https://dnvefa72aowie.cloudfront.net/origin/article/202112/889b349be28a8cb01d4f4545b7e3403be8dac2d54d6c7bc7b27f7328e7079b8a.webp?q=82&s=300x300&t=crop,"오늘 수리완료된 하이브리드자전거 급처합니다 손볼곳이없어서 바로 탈수있습니다
직거래구요 구매하실분은 쳇주세요 생활기스가있긴한데 타는데는 지장없습니다
환불이나 교환안됩니다",전남 해남군 해남읍,"40,000원",https://www.daangn.com/articles/334370258
자전거케리어,https://dnvefa72aowie.cloudfront.net/origin/article/202111/8fbdf7e297c2529af12083b1624c7b750828beb0d76d7a73d0d37df1ea3fe21b.webp?q=82&s=300x300&t=crop,"가로바는 없습니다.
두개 한조 저렴한 가격으로 판매합니다
녹 약간 오른거 제거하고 락카칠했습니다
상태양호 루프박스 어닝 설치관계로~~",전남 해남군 화원면,"120,000원",https://www.daangn.com/articles/309051996
로드 자전거 빠리 가져갈 수록 더 깍아줌,https://dnvefa72aowie.cloudfront.net/origin/article/202111/6db1867d8021b5dbe5e7cab4dcd50f75064bb26a4ef2013cb52bd2b0a4756505.webp?q=82&s=300x300&t=crop,"가격제안 가능
젤 안장도 드림
핸드폰 거치대 포함
안장에 상처 있음
tt바 제외
페달은 기본 페달임
160초반까지 안장 올려 탑승 가능
영안으로 가지러 오셔야 함
모든기능 정상작동
빨리 가져갈수록 더 깍아 드리겠습니다
세차해서 드릴것입니다",전남 해남군 옥천면,"112,000원",https://www.daangn.com/articles/320517873
실내  자전거,https://dnvefa72aowie.cloudfront.net/origin/article/202112/a96b4bd99a2429b68eba94fe72c9163057134263c62ba74256207b1ac6ed67c0.webp?q=82&s=300x300&t=crop,"실내  자전거 운동기구
40000판매  합니다
열락번호010  8822  5020",전남 해남군 황산면,"40,000원",https://www.daangn.com/articles/328715287
26인치 MTB 자전거 ( 칼라스10 ),https://dnvefa72aowie.cloudfront.net/origin/article/202112/6D4A0971BDFA2FDAC71461543AF99D383A00E42B9E12D42F3AB7B587D3B6D7E2.jpg?q=82&s=300x300&t=crop,"작년에 35만원 가량 주고 구매한 아팔란치아 칼라스10 입니다. 휠은 26인치 입니다.
어른분들뿐만 아니라 학생들에게도 크지 않고 잘 맞습니다
서스펜션도 달려있습니다
잘 보이지 않는 생활 기스는 존재합니다만 자전거는 잘가고 잘 섭니다 

잘 안타게되어서 판매합니다
연락주세요 !",전남 해남군 해남읍,"150,000원",https://www.daangn.com/articles/328068453
실내 자전거 팝니다,https://dnvefa72aowie.cloudfront.net/origin/article/202112/3626372e2a9b5607e0dc1606018f9b88630414346071bc7cc8783069723523be.webp?q=82&s=300x300&t=crop,"운동 할려고샀는데 지방으로 가게되어 팝니다
무게감있어  화물차 있으신분이 오셔야될듯요
가까운 거리는 실어드릴수 있어요",전남 해남군 계곡면,"100,000원",https://www.daangn.com/articles/327060071
자 전거,https://dnvefa72aowie.cloudfront.net/origin/article/202112/4223d35f467600c18d3a3098c0f0871e5cab855891ff4c9106b842844a20d73f.webp?q=82&s=300x300&t=crop,기아 7단 자전거 간편하고 자동차 나 버스에  실고다니기  쉬어요,전남 해남군 황산면,"100,000원",https://www.daangn.com/articles/330244829
자전거,https://dnvefa72aowie.cloudfront.net/origin/article/202112/9f47f4bc7ee39bbb73c7092e2164f9df68b326c83d965599f6e95ae03b792da0.webp?q=82&s=300x300&t=crop,"어린이 자전거 입니다.
바로 타시면 됩니다.
4발 2발 가능합니다",전남 해남군 해남읍,"40,000원",https://www.daangn.com/articles/325910786
멜킨 스핀바이크 입니다,https://dnvefa72aowie.cloudfront.net/origin/article/202112/51d1bee5396ecde25cd5288a2a4da377c5e946934dab1612aca84b58d39bc191.webp?q=82&s=300x300&t=crop,"멜킨 스핀바이크 실내자전거입니다.
1~2번 타고 바빠서 타질못했습니다.거의 새제품이에요 소음도 없어서 새벽에 타도 됩니다
18kg휠이라 스피닝도 할수있어요
스피닝장갑도 드릴게요!

사고싶으신분 연락주세요!",전남 해남군 해남읍,"150,000원",https://www.daangn.com/articles/327594021
삼천리자전거 아팔란치아 칼로스35  자전거 팝니다,https://dnvefa72aowie.cloudfront.net/origin/article/202112/89de7c9dbbd5739f6ade881621bd040c61e74e957d262b76eb768ad0b46a12ed.webp?q=82&s=300x300&t=crop,"정가 50만원대 상품이구요
상태좋습니다 안장커버 번호키 다드려요
노란색 자물쇠는 키를 잃어버려서 절단기로 자르셔야해요ㅜㅜ
중고거래 특성상 반품 환불 불가 합니다",전남 해남군 해남읍,"200,000원",https://www.daangn.com/articles/323487597
어린이자전거,https://dnvefa72aowie.cloudfront.net/origin/article/202112/692848cf2d59bde5e60ad11746b7b053ebec1353696864ce9ad07d6246b24694.webp?q=82&s=300x300&t=crop,"사용하는데 전혀문제 없습니다.
4세부터 가능합니다",전남 해남군 해남읍,"40,000원",https://www.daangn.com/articles/324229321
숀리 실내 자전거,https://dnvefa72aowie.cloudfront.net/origin/article/202112/1d4eeb6a25e78ab20a1399375018b85aaf805a8a67342df84797b42c5c0ef02d.webp?q=82&s=300x300&t=crop,"잘 타다가 귀찮아서 한쪽으로 밀어놓았습니다.

사용감 있지만 각종 기록들 표시 잘 돼구요.

새것처럼 1단부터 8단까지 원활한 작동됩니다.

필요하다면 멀지 않은 거리는 가져다드리겠습니다.",전남 해남군 해남읍,"100,000원",https://www.daangn.com/articles/323969810
자전거,https://dnvefa72aowie.cloudfront.net/origin/article/202112/065b634324fdaeae85aa3bc714441ef002c648267156d3c4b31c842f89b98907.webp?q=82&s=300x300&t=crop,21단 기어 싸게팝니다(새거예요),전남 해남군 해남읍,"85,000원",https://www.daangn.com/articles/323774286
자전거보호대,https://dnvefa72aowie.cloudfront.net/origin/article/202111/c455c95a0a6aa7cef31d15b1bc8ed5b9e15e1048711021add3029b50e0e05fd8.webp?q=82&s=300x300&t=crop,자전거 무릎보호대 1쌍과 팔꿈치보호대 1쌍을 모두 한망에 담아 드려요.  새상품입니다.  탈부착도 편하게 되어 있어요. 제가 필요없어서 가격낮춰 드립니다.,전남 해남군 해남읍,"40,000원",https://www.daangn.com/articles/317000789
숀리 엑스바이크 실내자전거,https://dnvefa72aowie.cloudfront.net/origin/article/202112/9FA4AC4A3E2D0937E63675579EFECDC2F701DC2E52672452F05DFC1B35C9BAF9.jpg?q=82&s=300x300&t=crop,"숀리 엑스바이크 실내자전거 판매해요
가지러 오셔야해요
해남읍내는 배달도 해드려요",전남 해남군 해남읍,"60,000원",https://www.daangn.com/articles/322163860
자전거,https://dnvefa72aowie.cloudfront.net/origin/article/202112/122d59df6c5ac648d6d1cb56873ef150a5d01f575f823937642999bf1cd89f8f.webp?q=82&s=300x300&t=crop,필요하신분  쳇  주세요,전남 해남군 해남읍,"350,000원",https://www.daangn.com/articles/321893905
실내 헬스자전거 나눔,https://dnvefa72aowie.cloudfront.net/origin/article/202112/889612b82eab05d898a14d5ed18172893a55177eb201e00e56f8c41cda0d65d7.webp?q=82&s=300x300&t=crop,"집에서 운동하실분 무료 나눔합니다^^
가지러오셔야해요
반품은 앙돼요",전남 해남군 해남읍,나눔,https://www.daangn.com/articles/321482089
어린이 자전거,https://dnvefa72aowie.cloudfront.net/origin/article/202111/056860ab7b0b07b0d27c3d03956e3a0b750796eb374f6027c70c9f899264e7a2.webp?q=82&s=300x300&t=crop,"4발 자전거 입니다. 2발도 사용 가능합니다. 
물건은 하자 없습니다.",전남 해남군 해남읍,"40,000원",https://www.daangn.com/articles/320069271
자전거,https://dnvefa72aowie.cloudfront.net/origin/article/202111/aceb8b82e629c333ad01dfae79e975bc34f1318e4df6ebcce86fc32b0e7bad9e.webp?q=82&s=300x300&t=crop,조금만  손보고타실분,전남 해남군 황산면,"30,000원",https://www.daangn.com/articles/319093938
자전거 팝니다,https://dnvefa72aowie.cloudfront.net/origin/article/202111/db0ff3ed298f6156f89ac7e4a0b6da21899785f2a27bc79fa74d3647c6a438ad.webp?q=82&s=300x300&t=crop,"상태 양호하고
 잠금장치도 함께  드려요
해남읍내 해리 입니다",전남 해남군 해남읍,"50,000원",https://www.daangn.com/articles/318606975
어린이  자전거,https://dnvefa72aowie.cloudfront.net/origin/article/202111/30dee4262ef530085f4023aa8bbc27abaf711ad1c8877ca0de6660f130e19b90.webp?q=82&s=300x300&t=crop,"어린이 4발 자전거 두발사용가능.
상태좋아요. 고장난 부분  없습니다.",전남 해남군 해남읍,"40,000원",https://www.daangn.com/articles/314444721
접이식 자전거,https://dnvefa72aowie.cloudfront.net/origin/article/202111/90b138cf23390b42590de47b9918df718bae852f74a8411a8210fe7dd9e8ea96.webp?q=82&s=300x300&t=crop,"반품  불가합니다  필요한 분만 톡주세요
먼저오신분 약속없이 위치는 
황산면  중학교  앞 큰길 쪽",전남 해남군 황산면,"70,000원",https://www.daangn.com/articles/311957616
아기자전거,https://dnvefa72aowie.cloudfront.net/origin/article/202111/3741da0b5287bd5d45f43ae73bd02914319ed94fe408314001b48ed951e44d41.webp?q=82&s=300x300&t=crop,밖에딱두번타고 주차중입니다,전남 해남군 해남읍,"25,000원",https://www.daangn.com/articles/311210799
접이식 자전거 팝니다,https://dnvefa72aowie.cloudfront.net/origin/article/202111/aafe2a69115e312719f464595d4aaa5c5fb98369339d93bb4ddfef56fef9f338.webp?q=82&s=300x300&t=crop,"미니벨로 접이식 자전거(20인치)
팝니다.
해외구매로 구매하고서 조립만 해놓고
한번도 타질 않아서 팔려고 합니다.
새제품이라 생각하시면 됩니다.
차 트렁크에 실어놓은 상태여서 따로 사진은 못찍어서 구매사이트에서 퍼온 사진이고요.. 보시는대로입니다.
바퀴에 보이는 색은 스티커인데 
안붙어있습니다(참고)
저기에서 의자 안장만 따로 푹신한걸로 구매해서 교체해놓은 상태입니다",전남 해남군 송지면,"130,000원",https://www.daangn.com/articles/310956360
숀리 엑스바이크 실내자전거 판매합니다.,https://dnvefa72aowie.cloudfront.net/origin/article/202111/e89b42698cd7405e96caf76b4f4dd8fb19a6891b843a3a4124483397ca5ec2f1.webp?q=82&s=300x300&t=crop,"이사를 가게 되어 숀리 엑스바이크 실내자전거를 판매합니다.

방금 건전지 교체하였으며, 디지털 계기판 부분 아주 잘 작동합니다.

제품에 사용감은 조금 있으나 하자는 없으며, 페달 무게 조절부도 정상 작동하는것을 확인하였습니다.

디지털 계기판에서는 주행속도, 운동시간, 주행거리, 칼로리 소모량이 표현됩니다.

사이즈는 최대 높이 약 135cm이고 최대 폭은 약 40cm입니다.

중형세단 하이브리드 차량 기준 트렁크에 걸쳐지는 상태로 적재 가능합니다. 

그렇지만 웬만하면 조수석에서 뒷좌석쪽으로 넘어가듯이 싣는것이 좋을듯 합니다.

다이어트나 운동에 관심 있으신분들께 추천 드립니다.

평소에는 옷걸이로 사용하셔도 됩니다.

많은 채팅주세요.",전남 해남군 해남읍,"60,000원",https://www.daangn.com/articles/310160298
스트라이더 자전거,https://dnvefa72aowie.cloudfront.net/origin/article/202111/DA61B4451EAA4A2987903933DE0D9C4919E7E6C25375C0CC52F542E37DA69EB0.jpg?q=82&s=300x300&t=crop,"자전거 안타서  판매합니다.
몇번안타고 집에서만보관해서 상태좋아요",전남 해남군 해남읍,"280,000원",https://www.daangn.com/articles/307735795
어린이 자전거 입니다,https://dnvefa72aowie.cloudfront.net/origin/article/202110/9d331fd574d8a884d850317e8ec0a0cb539531f962c3924d2aa565dad31485c6.webp?q=82&s=300x300&t=crop,"주로 집에서만 몇번타던거고
상태 아주양호합니다",전남 해남군 해남읍,"50,000원",https://www.daangn.com/articles/307173664
자전거.체로xc30,https://dnvefa72aowie.cloudfront.net/origin/article/202110/d6c14d4c3a421009790d6b38c1f3e0807f8d029a1c8c2b591324bc08d1dc099e.webp?q=82&s=300x300&t=crop,"첼로xc30slx.24단
2021년6월 신품구매1290000원
주행거리10km이내' 보관중",전남 해남군 해남읍,"850,000원",https://www.daangn.com/articles/306439166
기타 중고물품,https://dnvefa72aowie.cloudfront.net/hoian/category/thumbnails/v2/img_thumb_etc.png,자전거을잘안타서 올립니다 수리해서상태는좋습니다 원가는26만원에구입해서 타다가 개인사정상 못타게되었습니다  직거래구요 사실분은 쳇주세요  환불이나 반품안된다는점 양해바랍니다  쳇주시면 사진보내드리겠습니다,전남 해남군 해남읍,"90,000원",https://www.daangn.com/articles/305340664
스피닝자전거,https://dnvefa72aowie.cloudfront.net/origin/article/202110/fe227349aaa49e47836ba104dcfd16061b8849b9f2c2f9b2d32a72910e69d015.webp?q=82&s=300x300&t=crop,상태양호 클럽용으로  무겁습니다,전남 해남군 해남읍,"200,000원",https://www.daangn.com/articles/304097816
운동기구  판매합니다.,https://dnvefa72aowie.cloudfront.net/origin/article/202109/abb4c7860cba35a6756f8b2ea8adea212b55af16fa01067b37d0fcf2e0a917ab.webp?q=82&s=300x300&t=crop,운동기구  판매해요? 자전거  좋아하시는분  가져가세요 ~  직거래  가능    황산면   쳇 주세요~~,전남 해남군 황산면,"150,000원",https://www.daangn.com/articles/287890023
운동 자전거,https://dnvefa72aowie.cloudfront.net/origin/article/202110/5887772D7CA5D430AFDA8D30204CF4E0A578D61FB786D48E3F27F06CEEB9D6F1.jpg?q=82&s=300x300&t=crop,"전기플러그 있고  작동 다 됩니다 

문의    010 8613 8673",전남 해남군 해남읍,"20,000원",https://www.daangn.com/articles/299626329
로드자전거 첼로 스칼라티 105,https://dnvefa72aowie.cloudfront.net/origin/article/202110/4cd22eac50151cb62697d11dcea64b282afef8f204540977f04ab09d1981f8b9.webp?q=82&s=300x300&t=crop,"광주 풍암mtb에서 2020년 8월쯤 구매했습니다.

1년동안 1000km쯤 탄 거 같습니다.

상태는 얼마안타기도 했고, 작년에 구입한 제품이라 매우 좋은편입니다.
저번달에 튜브 교체받았고, 점검도 받았습니다.
오일만 다시 한번 뿌려주시면 될 거 같습니다.

사이즈는 470이고, 160 중반에 170초중까지는 탈 수 있을겁니다.

시마노 105급 자전거로 가성비 매우 우수한 제품입니다.

헬멧이랑 전조등, 후미등, 관절락 자물쇠, 펌프, 물병케이지, 핸드폰거치대랑 같이 드리겠습니다.

배달은 힘들고 동네로 와주세요

https://www.cellobike.co.kr/product/product_view.html?b_code=8322",전남 해남군 화산면,"713,000원",https://www.daangn.com/articles/297252482
로드자전거 첼로 스칼라티 105(2019년식) 판매,https://dnvefa72aowie.cloudfront.net/origin/article/202110/3dbe2ecdb284f716ad3adc92e304b49c85db72fab5d1a84d6c3a6d200715cb61.webp?q=82&s=300x300&t=crop,"광주 풍암mtb에서 2020년 8월쯤 구매했습니다.

1년동안 1000km쯤 탄 거 같습니다.

상태는 얼마안타기도 했고, 작년에 구입한 제품이라 매우 좋은편입니다.
저번달에 튜브 교체받았고, 점검도 받았습니다.
오일만 다시 한번 뿌려주시면 될 거 같습니다.

사이즈는 470이고, 160 중반에 170초중까지는 탈 수 있을겁니다.

시마노 105급 자전거로 가성비 매우 우수한 제품입니다.

입문용 로드자전거로 클라리스급 모델로 시작을 하시는데. 105급으로 시작하시면 차고 넘칠정도라고 생각합니다.

헬멧이랑 전조등, 후미등, 관절락 자물쇠, 펌프, 물병케이지, 핸드폰거치대랑 같이 드리겠습니다.

배달은 힘들고 동네로 와주세요

https://www.cellobike.co.kr/product/product_view.html?b_code=8322",전남 해남군 화산면,"713,000원",https://www.daangn.com/articles/297144860
알루미늄자전거바디,https://dnvefa72aowie.cloudfront.net/origin/article/202110/2e7ff695abb2f36441ccdef6215f805daa7a72368b069c7b859f2ea49bdc80bb.webp?q=82&s=300x300&t=crop,반품 환불  불가합니다,전남 해남군 황산면,"30,000원",https://www.daangn.com/articles/297899441
자전거 팝니다.,https://dnvefa72aowie.cloudfront.net/origin/article/202110/2b6ab31c0221a96636e336fd710621343c8868ccf5406e6e3920fe81b7415962.webp?q=82&s=300x300&t=crop,"자전거 구입한지 12일됨 두번 탓어요.
자전거 가 갑자기 두대가 되어서 한대 팔려합니다.
010-3608-7535
해남군 삼산면 화내리에 보관중",전남 해남군 해남읍,"150,000원",https://www.daangn.com/articles/297830110
엑사이더 싸이클(자전거),https://dnvefa72aowie.cloudfront.net/origin/article/202110/df9a10fd03f924be01253d3ddca754d55850476f6743605ff55dcd2036d830bd.webp?q=82&s=300x300&t=crop,"21년 2월에구매해서 실사용 10회도 안된 엑사에더 실내 자전거입니다. 안장포함 11만원입니다.

※ 픽업하러 오셔야합니다.",전남 해남군 해남읍,"110,000원",https://www.daangn.com/articles/295036524
탁스 부시도(스마트로라),https://dnvefa72aowie.cloudfront.net/origin/article/202110/84968c2c9bf053f9ff1acb9a0a00697db9875fc5926899b9af279b3d6eabd61a.webp?q=82&s=300x300&t=crop,"실내에서 자전거를 즐길 수 있게 도와주는 기기입니다.

자전거를 판매하게 되면서 같이 판매합니다.

겨울에 라이딩을 즐기기에 제약이 있으니, 구입하시는것도 좋은 선택이라 생각합니다.

휠온 방식이라 소음이 있고, 저항을 통해 야외 라이딩에서 경험하는듯한 경사를 구현해주지만 생각보다 저항이 강합니다.(장점일수도)

즈위프트는 호환이 되는지 모르겠습니다
(해외에서 사용할 수 있도록 프로그램을 만들어서 배포중이지만, 번거롭습니다)

탁스 트레이닝 어플을 통해서 라이딩 할 수 있고, 간단하고, 사용이 편합니다.
자가발전이라 따로 전기가 필요없습니다.

구성은 기기랑 경사대, qr레버 입니다.",전남 해남군 화산면,"260,000원",https://www.daangn.com/articles/299281868
여아  자전거,https://dnvefa72aowie.cloudfront.net/origin/article/202110/c8560ed51466280aee1e84e54f83796045ce94161c58944b9c1318601a21c91d.webp?q=82&s=300x300&t=crop,"아이가 커서  내놓아요.
깨끗합니다
반품은  불가합니다",전남 해남군 해남읍,"70,000원",https://www.daangn.com/articles/296168711
자전거 헬멧 가격 내렸어요,https://dnvefa72aowie.cloudfront.net/origin/article/202110/4068fda7c7e2da1ab5d87e014b0982ed60a119807e2c7e63db6b328b3c6f25f3.webp?q=82&s=300x300&t=crop,"구입해서  안쓰고
모셔 놓았어요~",전남 해남군 해남읍,"10,000원",https://www.daangn.com/articles/296160226
줄라이카 미니바이크,https://dnvefa72aowie.cloudfront.net/origin/article/202110/D8ED276E94278C83F6EE805E5B6E52B1BB94AB0F46B33D5CAD87996FAC476B7F.jpg?q=82&s=300x300&t=crop,"유러피안 디자인의 심플하고 세련된 자전거로
깔끔하고 고급스러운 유럽풍 디자인입니다.
쾅폭바퀴.실내주행시 소음이 발생하지 않고
걷기시작하는 12개월부터 가장필요한 근력강화,균형감각, 방향감각 등 신체발달에 도움이 됩니다.
모서리 없는 안전한 디자인

상태 좋으나 예민하신분은 피해주세요",전남 해남군 해남읍,"19,000원",https://www.daangn.com/articles/294079064
자전거,https://dnvefa72aowie.cloudfront.net/origin/article/202110/b3c0a1ead38123a0377632dbf7eb4137ed54436f9f1e843d8a9c6e6570938f10.webp?q=82&s=300x300&t=crop,필요하신분가져가세요,전남 해남군 황산면,나눔,https://www.daangn.com/articles/295215666
자전거 헬멧  필요 하신분~,https://dnvefa72aowie.cloudfront.net/origin/article/202110/4f31cdc19329bbbcec1988b55056ef605160984002f10370b0072c20d16c662a.webp?q=82&s=300x300&t=crop,자전거 탈때 쓸려고 구입했는데  스타일이 맘에 안들어서  모셔놓고 있어요~^^,전남 해남군 해남읍,"15,000원",https://www.daangn.com/articles/295096860
레스포 라빈 26인치 자전거 판매,https://dnvefa72aowie.cloudfront.net/origin/article/202110/b952214375f99fd34c873a4c0ef8d10f03011aab59b896b2edc66ee9c37e2056.webp?q=82&s=300x300&t=crop,"구매후 지금은 잘 타지 않아서 판매합니다.
필요하신분 연락주세요.
사진을 보시면 아시겠지만 관리상태는 양호합니다.",전남 해남군 해남읍,"80,000원",https://www.daangn.com/articles/294587654
자전거 헬멧  필요하신분~,https://dnvefa72aowie.cloudfront.net/origin/article/202110/0d04b11cfc26c2fc3457825ca68d16362d08644b73c87cc2715f23c165d5b212.webp?q=82&s=300x300&t=crop,자전거 탈때 쓸려고 구입했는데  스타일이 맘에 안들어서  모셔놓고 있어요~^^,전남 해남군 해남읍,"15,000원",https://www.daangn.com/articles/294559858
스포츠/레저,https://dnvefa72aowie.cloudfront.net/hoian/category/thumbnails/v2/img_thumb_sports.png,남  여 자전거 삽니다,전남 해남군 삼산면,-,https://www.daangn.com/articles/292421867
완전 새재품 삼천리 어린이용 18인치 자전거 팔아요,https://dnvefa72aowie.cloudfront.net/origin/article/202108/3BB87975B7BB8842402645FD5158B4F289A0056D239AF242DD231F87AB3A495C.jpg?q=82&s=300x300&t=crop,"아이나이에 안맞아서 팔아요 
한번도 타본적없는 새제품 입니다 
필요하신분 연락주세요 

바퀴비닐도 오픈 안함


해남상품권 가능",전남 해남군 해남읍,"90,000원",https://www.daangn.com/articles/279932433
운동기구 ( 자전거),https://dnvefa72aowie.cloudfront.net/origin/article/202109/476D8A67F0E9394829F9D591DCC5A8DF4A1C166CAB90EE52114736C5206689C2.jpg?q=82&s=300x300&t=crop,"하나당 2만원씩으로 판매합니다 
3개 다 가져가시면 5만원에 드릴게요 
추석이라 시골 내려온거여서 오늘만 판매 가능합니다 
자전거는 앞에 화면이 고장났지만 운동하는데는 문제가 전혀 없고 나머지 2개 제품은 새 제품입니다 
해남 군청근처입니다

♥️ 자전거만 남았어요 ♥️",전남 해남군 해남읍,"20,000원",https://www.daangn.com/articles/288688821
노펑크 자전거,https://dnvefa72aowie.cloudfront.net/origin/article/202109/168f40d4fd5be74611a52ae8a30c9ff45bcc9b424b68deaa5338d749a1703710.webp?q=82&s=300x300&t=crop,조선소 용이라 노빵꾸 타이어 입니다 키 170 이상 되시는분 권장 입니다 하자는 없고 승용차 에 실립니다 삼호 3차에 오시면 되요 원하시면 헬멧도 드려요 안장은 큐션 좋아요,전남 해남군 화원면,"30,000원",https://www.daangn.com/articles/288302916
자전거 판매합니다,https://dnvefa72aowie.cloudfront.net/origin/article/202109/55a85a56a7cac5d8c0cc1221f226f6aefac1d31fd1448b71b7ba11d17b6e6907.webp?q=82&s=300x300&t=crop,"지인분부탁으로 대신올려요
가격은50000원입니다
자전거 바퀴 교체  했구요
물통꽃이  자물쇠 다드립니다~~",전남 해남군 해남읍,"50,000원",https://www.daangn.com/articles/286257223
자전거,https://dnvefa72aowie.cloudfront.net/origin/article/202106/c3306effbfad567752942d0720eed703adca5bdee7c3194e593fabfacdda278a.webp?q=82&s=300x300&t=crop,"목포 알톤대리점에서 한달전에 450000 구입  하이브리드
상태새것  시장바구니 걸고다니는 핸들바 기스조금
사이즈 m     170    180",전남 해남군 해남읍,"298,000원",https://www.daangn.com/articles/250347070
은성헬스빌 SP8900S 실내자전거 판매합니다,https://dnvefa72aowie.cloudfront.net/origin/article/202109/89b840e9acf3764621de26bd3517cc19018b7ef19d1723e57c7ba93ee4791877.webp?q=82&s=300x300&t=crop,"구입후 사용이 없어 자리만 차지하고 
있어 판매합니다.
운동 강도 조절가능하고 등받이 있어
운동하실때 무리 안가고 구입시 30만원
넘게 주고 구입했어요.
인지도 있는 상품이니 검색해보시고
구입하시길 바랍니다.
바닥매트까지 드려요.
무게가 있어 직접 오셔서 가지고 
가셔야 합니다.
해남군 계곡면입니다.",전남 해남군 계곡면,"70,000원",https://www.daangn.com/articles/284770995
이고진806r 실내자전거,https://dnvefa72aowie.cloudfront.net/origin/article/202109/072b417efbb01d646704f0ccf1025022acf387cf67f4cbcf79a288b240839b83.webp?q=82&s=300x300&t=crop,"거의 안탔습니다
1달 정도 타고 둘째임신으로
팝니다 ㅠㅠ

둘째가 너무 빨리생겨서 ㅠ",전남 해남군 해남읍,"120,000원",https://www.daangn.com/articles/281725374
삽니다,https://dnvefa72aowie.cloudfront.net/hoian/category/thumbnails/v2/img_thumb_buy.png,성인 2인용  자전거 삽니다,전남 해남군 화산면,-,https://www.daangn.com/articles/280140474
운동기구  판매합니다.,https://dnvefa72aowie.cloudfront.net/origin/article/202109/23a039281e76b8eb6f21b75f31024d4ebfd2a4cd346285035ed95fde915e9de1.webp?q=82&s=300x300&t=crop,"운동기구  판매합니다. 자전거30만원.아령3만원. 윗몸일으키기5만원
윗몸일으키기20만원
운동 좋아하시는  분은 직접가지러  오셔야합니다. 별도 구매도 가능",전남 해남군 황산면,"580,000원",https://www.daangn.com/articles/285122733
레스포 라빈 26인치 자전거 판매,https://dnvefa72aowie.cloudfront.net/origin/article/202110/b952214375f99fd34c873a4c0ef8d10f03011aab59b896b2edc66ee9c37e2056.webp?q=82&s=300x300&t=crop,"구매후 지금은 잘 타지 않아서 판매합니다.
필요하신분 연락주세요.
사진을 보시면 아시겠지만 관리상태는 양호합니다.",전남 해남군 해남읍,"80,000원",https://www.daangn.com/articles/294587654
자전거 헬멧  필요하신분~,https://dnvefa72aowie.cloudfront.net/origin/article/202110/0d04b11cfc26c2fc3457825ca68d16362d08644b73c87cc2715f23c165d5b212.webp?q=82&s=300x300&t=crop,자전거 탈때 쓸려고 구입했는데  스타일이 맘에 안들어서  모셔놓고 있어요~^^,전남 해남군 해남읍,"15,000원",https://www.daangn.com/articles/294559858
스포츠/레저,https://dnvefa72aowie.cloudfront.net/hoian/category/thumbnails/v2/img_thumb_sports.png,남  여 자전거 삽니다,전남 해남군 삼산면,-,https://www.daangn.com/articles/292421867
완전 새재품 삼천리 어린이용 18인치 자전거 팔아요,https://dnvefa72aowie.cloudfront.net/origin/article/202108/3BB87975B7BB8842402645FD5158B4F289A0056D239AF242DD231F87AB3A495C.jpg?q=82&s=300x300&t=crop,"아이나이에 안맞아서 팔아요 
한번도 타본적없는 새제품 입니다 
필요하신분 연락주세요 

바퀴비닐도 오픈 안함


해남상품권 가능",전남 해남군 해남읍,"90,000원",https://www.daangn.com/articles/279932433
운동기구 ( 자전거),https://dnvefa72aowie.cloudfront.net/origin/article/202109/476D8A67F0E9394829F9D591DCC5A8DF4A1C166CAB90EE52114736C5206689C2.jpg?q=82&s=300x300&t=crop,"하나당 2만원씩으로 판매합니다 
3개 다 가져가시면 5만원에 드릴게요 
추석이라 시골 내려온거여서 오늘만 판매 가능합니다 
자전거는 앞에 화면이 고장났지만 운동하는데는 문제가 전혀 없고 나머지 2개 제품은 새 제품입니다 
해남 군청근처입니다

♥️ 자전거만 남았어요 ♥️",전남 해남군 해남읍,"20,000원",https://www.daangn.com/articles/288688821
노펑크 자전거,https://dnvefa72aowie.cloudfront.net/origin/article/202109/168f40d4fd5be74611a52ae8a30c9ff45bcc9b424b68deaa5338d749a1703710.webp?q=82&s=300x300&t=crop,조선소 용이라 노빵꾸 타이어 입니다 키 170 이상 되시는분 권장 입니다 하자는 없고 승용차 에 실립니다 삼호 3차에 오시면 되요 원하시면 헬멧도 드려요 안장은 큐션 좋아요,전남 해남군 화원면,"30,000원",https://www.daangn.com/articles/288302916
자전거 판매합니다,https://dnvefa72aowie.cloudfront.net/origin/article/202109/55a85a56a7cac5d8c0cc1221f226f6aefac1d31fd1448b71b7ba11d17b6e6907.webp?q=82&s=300x300&t=crop,"지인분부탁으로 대신올려요
가격은50000원입니다
자전거 바퀴 교체  했구요
물통꽃이  자물쇠 다드립니다~~",전남 해남군 해남읍,"50,000원",https://www.daangn.com/articles/286257223
자전거,https://dnvefa72aowie.cloudfront.net/origin/article/202106/c3306effbfad567752942d0720eed703adca5bdee7c3194e593fabfacdda278a.webp?q=82&s=300x300&t=crop,"목포 알톤대리점에서 한달전에 450000 구입  하이브리드
상태새것  시장바구니 걸고다니는 핸들바 기스조금
사이즈 m     170    180",전남 해남군 해남읍,"298,000원",https://www.daangn.com/articles/250347070
은성헬스빌 SP8900S 실내자전거 판매합니다,https://dnvefa72aowie.cloudfront.net/origin/article/202109/89b840e9acf3764621de26bd3517cc19018b7ef19d1723e57c7ba93ee4791877.webp?q=82&s=300x300&t=crop,"구입후 사용이 없어 자리만 차지하고 
있어 판매합니다.
운동 강도 조절가능하고 등받이 있어
운동하실때 무리 안가고 구입시 30만원
넘게 주고 구입했어요.
인지도 있는 상품이니 검색해보시고
구입하시길 바랍니다.
바닥매트까지 드려요.
무게가 있어 직접 오셔서 가지고 
가셔야 합니다.
해남군 계곡면입니다.",전남 해남군 계곡면,"70,000원",https://www.daangn.com/articles/284770995
이고진806r 실내자전거,https://dnvefa72aowie.cloudfront.net/origin/article/202109/072b417efbb01d646704f0ccf1025022acf387cf67f4cbcf79a288b240839b83.webp?q=82&s=300x300&t=crop,"거의 안탔습니다
1달 정도 타고 둘째임신으로
팝니다 ㅠㅠ

둘째가 너무 빨리생겨서 ㅠ",전남 해남군 해남읍,"120,000원",https://www.daangn.com/articles/281725374
삽니다,https://dnvefa72aowie.cloudfront.net/hoian/category/thumbnails/v2/img_thumb_buy.png,성인 2인용  자전거 삽니다,전남 해남군 화산면,-,https://www.daangn.com/articles/280140474
운동기구  판매합니다.,https://dnvefa72aowie.cloudfront.net/origin/article/202109/23a039281e76b8eb6f21b75f31024d4ebfd2a4cd346285035ed95fde915e9de1.webp?q=82&s=300x300&t=crop,"운동기구  판매합니다. 자전거30만원.아령3만원. 윗몸일으키기5만원
윗몸일으키기20만원
운동 좋아하시는  분은 직접가지러  오셔야합니다. 별도 구매도 가능",전남 해남군 황산면,"580,000원",https://www.daangn.com/articles/285122733
접이식 20인치 미니벨로 바구니 자전거,https://dnvefa72aowie.cloudfront.net/origin/article/202109/EF20152721A5815C881067BC025FD7BE7402D432171A57D78C0731FE14007BDD.jpg?q=82&s=300x300&t=crop,"구성 : 자전거, 자물쇠, 사진에 관리품 두개, 휴대폰 거치대, 안장쿠션
구교리 해남고등학고 후문 직거래 합니다.
바퀴에 바람이 빠져있습니다. 한번 닦긴 했으나 꼼꼼하신 분들은 한번 더 닦고 타셔야해요.
오른쪽 브레이크을 잡을 때 힘이 많이 들어갑니다. 왼쪽 브레이크가 잘 들어서 그냥 탔는 데 점검 한번 받으셔야 할 것 같아요.
직접 보시고 결정해주세요.
금일 7시 30분 이후 11시까지 거래 가능합니다.
거래시 채팅 부탁드립니다~!",전남 해남군 해남읍,"70,000원",https://www.daangn.com/articles/281058106
산악자전거,https://dnvefa72aowie.cloudfront.net/origin/article/202109/10860b3369eb38d298f7e2384dd72e801d32c20934ff703483284d151a1c0236.webp?q=82&s=300x300&t=crop,돈이 필요해서 급하게 올립니다,전남 해남군 해남읍,"350,000원",https://www.daangn.com/articles/280779005
자전거(가격 내렸어요),https://dnvefa72aowie.cloudfront.net/origin/article/202108/6c503159ac1ea904fd67187616e8c560d5a74fb8a015f13b237bf786b145c4a6.webp?q=82&s=300x300&t=crop,"구입해서 사정상 그대로
모셔둔 자전거 내놓습니다
필요하신분 연락주세요~",전남 해남군 해남읍,"150,000원",https://www.daangn.com/articles/276762651
바구니 분리되는 자전거,https://dnvefa72aowie.cloudfront.net/origin/article/202108/65a33e464cd53d6d1428719ec0445f4af83a3d8f6cc3adf10ee1196df028b4f9.webp?q=82&s=300x300&t=crop,"2십6만원주고 구입했다가 한두번 밖에 타질 않아서 
내놓아요.바구니는 분리됩니다.",전남 해남군 해남읍,"150,000원",https://www.daangn.com/articles/275680104
자전거 판매합니다,https://dnvefa72aowie.cloudfront.net/origin/article/202108/5C161D3410F8A55DBC08F82976AF7C35D0176CC319093BDABEF5B435F954BF2C.jpg?q=82&s=300x300&t=crop,"2021/05에 구매
후미등과 전조등 벨 번호키 함께 드립니다
(후미등, 전조등 충전식)",전남 해남군 해남읍,"145,000원",https://www.daangn.com/articles/272307255
실내자전거운동기구,https://dnvefa72aowie.cloudfront.net/origin/article/202108/f3f0f7b370aa5161e36ba9ad5303f9a62d1a8b79d44b3ace1f360569bfe2d18f.webp?q=82&s=300x300&t=crop,01096765585,전남 해남군 해남읍,"50,000원",https://www.daangn.com/articles/270655059
자전거,https://dnvefa72aowie.cloudfront.net/origin/article/202108/f2bc42ca039595e6707eb26ff9abe70f9b01e85838901d33c2c633af808cb155.webp?q=82&s=300x300&t=crop,자전거 가지러 오세요.,전남 해남군 산이면,"50,000원",https://www.daangn.com/articles/267649951
자전거 중고 매매,https://dnvefa72aowie.cloudfront.net/origin/article/202108/4ad43fb447bb8e9e0a942c59dfa39818d82073f95b314749efa296d788c8b227.webp?q=82&s=300x300&t=crop,"♧  타려고 사놓고 쓰지 않아서 내 놉니다.
 필요하신분 연락 주세요",전남 해남군 화원면,"100,000원",https://www.daangn.com/articles/268719197
자전거 헬멧 M 사이즈,https://dnvefa72aowie.cloudfront.net/origin/article/202108/fdae2f5bb959d27899611bfd46d8d53b20c931b7d1658fb030ab1efc8d5b2867.webp?q=82&s=300x300&t=crop,필요한 분 가져가세요.,전남 해남군 해남읍,나눔,https://www.daangn.com/articles/268411758
중고자전거,https://dnvefa72aowie.cloudfront.net/origin/article/202108/62a55fd5b382444ee42e3d76abb4ebb5eeafb0a07d1e9dc63a51fc6f79e9e459.webp?q=82&s=300x300&t=crop,오늘 가지러오시면 네고 가능합니다.,전남 해남군 산이면,"50,000원",https://www.daangn.com/articles/267986667
삽니다,https://dnvefa72aowie.cloudfront.net/hoian/category/thumbnails/v2/img_thumb_buy.png,"삼호중공업 
자전거 구해용",전남 해남군 화원면,"50,000원",https://www.daangn.com/articles/267945048
쌍둥이유모차자전거,https://dnvefa72aowie.cloudfront.net/origin/article/202107/e49ac31621461d89d05eb55e76c662f0d48c6b533561a0972cddaf1f8f8b2d6d.webp?q=82&s=300x300&t=crop,"세번정도만 동네에서 탔어요 
깨끗한편이에요
차양막은 딴소 보관중",전남 해남군 해남읍,"90,000원",https://www.daangn.com/articles/267206578
기타 중고물품,https://dnvefa72aowie.cloudfront.net/hoian/category/thumbnails/v2/img_thumb_etc.png,"생각보다 당근-동네생활-분실/실종센터를 안보시는것 같아서 여기에 추가로 글 남깁니다.
ㅡㅡㅡㅡㅡㅡㅡㅡㅡㅡㅡㅡㅡㅡㅡㅡㅡㅡ
어제 토요일 자전거를 도난 맞았어요.ㅠㅠ

경찰에 신고하면 cctv가 완전 많은 곳이라 범인을 100프로 잡습니다. 그러나 누구나 실수할 수 있어서 혹시나 해서 기회를 드리기 위해 글을 남깁니다. 그래서 도난 장소와 자전거 사진도 안올립니다.

내일 월요일까지 제자리에 가져다 놓으시면,
문제 삼지 않을게요. 화요일 오전에 신고합니다.
그리고 혹시 자전거를 버렸거나 부셨다면,
부모님께 솔직하게 말씀드리고 연락주세요.

그리고 제가 자물쇠를 안 채운건 죄송해요.
그렇다고해서 가져가도 되는건 아니예요.ㅠㅠ

참고로 내일까지 자전거가 안오면
범인 잡아서 이번 기회에 차를 바꿔야겠어요~^^
그럼 자전거를 기다리며...",전남 해남군 해남읍,-,https://www.daangn.com/articles/264992299
자전거 대차or(35만),https://dnvefa72aowie.cloudfront.net/origin/article/202106/e8612c1bf0465b7d09bdc285c139b583f12365a8c216320d96b8ec02e05a3986.webp?q=82&s=300x300&t=crop,2020년  구입후 7일사용 포장 비포장 양용   첼로 소라a급입니다  mtb와 교환원합니다,전남 해남군 해남읍,"350,000원",https://www.daangn.com/articles/253154974
자전거 씨클리스 헬멧,https://dnvefa72aowie.cloudfront.net/origin/article/202107/89dec356486ccbfeca44fc15bc57e38b8ee8c5fad8bc49c1ad7af21c521fe6e4.webp?q=82&s=300x300&t=crop,"씨클리스 hc-058
블랙(유광+무광)
마그네틱 버클
5회 정도 라이딩시 사용
사이즈 s/m 머리둘레 55~58cm
떨어뜨린 적 없으며 자세히 들여다 보아야 보이는 약간의 기스만 있음",전남 해남군 산이면,"20,000원",https://www.daangn.com/articles/262646888
아동용 자전거,https://dnvefa72aowie.cloudfront.net/origin/article/202107/4f9a357c3bcfb56a3f25d1c7fb507fd788ca3376943ce3b3a3646302a543a197.webp?q=82&s=300x300&t=crop,타이어는 교체 해주셔야 됩니다,전남 해남군 해남읍,"18,000원",https://www.daangn.com/articles/258232930
삼천리자전거 토마-트라이커 유아용세발자전거,https://dnvefa72aowie.cloudfront.net/origin/article/202107/0365dc0d579e4436a16066357b1da242bba9d23f0cf5a740b94a90575d658dec.webp?q=82&s=300x300&t=crop,"사진그대로에요~ 아이가 어렸을때 타고 지금까지 보관만하고있네요~  
해남읍이고 가지러오셔야 해요 ~",전남 해남군 해남읍,"30,000원",https://www.daangn.com/articles/257756063
XRS로드바이크 판매합니다,https://dnvefa72aowie.cloudfront.net/origin/article/202107/bd20a4052a8729de1683332535415c26810cadfc9ff2f8f36df31364a844c37f.webp?q=82&s=300x300&t=crop,자전거 채인이 고장 나있습니다 안장도 흔들립니다.,전남 해남군 해남읍,"50,000원",https://www.daangn.com/articles/259463324
운동기,https://dnvefa72aowie.cloudfront.net/origin/article/202107/9e798699652bdf14c98e1f93ed574406c3cdd287b45f985ac70f38b8fc11a60d.webp?q=82&s=300x300&t=crop,자전거 운동기구 판매합니다~,전남 해남군 해남읍,"10,000원",https://www.daangn.com/articles/259194865
티티카카 자전거 팝니다,https://dnvefa72aowie.cloudfront.net/origin/article/202107/BCE1A9F827496E217E18D9D09BD6C614005B7B0976C5B85743B232770913C3F8.jpg?q=82&s=300x300&t=crop,"6년 됬구요
가격은 조율가능합니다",전남 해남군 해남읍,"90,000원",https://www.daangn.com/articles/255355879
기타 중고물품,https://dnvefa72aowie.cloudfront.net/hoian/category/thumbnails/v2/img_thumb_etc.png,안쓰시고 모셔두시는 실내자전거 저렴한거 구해봅니다^^,전남 해남군 해남읍,-,https://www.daangn.com/articles/254235269
중고 자전거,https://dnvefa72aowie.cloudfront.net/origin/article/202106/326d39c57b3307cace395d4651357441e1cbec59e2140a1a8f6046afd0e7e848.webp?q=82&s=300x300&t=crop,그냥 가져 가세요. 약간의 수리가 필요합니다.,전남 해남군 해남읍,나눔,https://www.daangn.com/articles/252969984
중고 자전거,https://dnvefa72aowie.cloudfront.net/origin/article/202106/bbb231e6b39be44cc505166643105c3f8435e4a9ea0e4eaab5656746a15f8a81.webp?q=82&s=300x300&t=crop,거의 사용 안 했습니다. 보고 가져 가세요.,전남 해남군 해남읍,"30,000원",https://www.daangn.com/articles/252969340
지붕형 자전거캐리어,https://dnvefa72aowie.cloudfront.net/origin/article/202106/84a2cf10d71808f83bea3d337c7d0a3cbf07fba834c1c296b58bea5e2ec3bf40.webp?q=82&s=300x300&t=crop,"유일자전거 캐리어 지붕형입니다
열쇠는 없습니다",전남 해남군 해남읍,"80,000원",https://www.daangn.com/articles/252212405
유일자전거 캐리어,https://dnvefa72aowie.cloudfront.net/origin/article/202106/5edd11959056b061fa9cbfe2124e713038b8f858cfd946b8c16251af6364514b.webp?q=82&s=300x300&t=crop,"유일자전거 캐리어 트렁크형입니다
고무부분이 조금 파손이 있어 싸게드립니다",전남 해남군 해남읍,"20,000원",https://www.daangn.com/articles/252213550
연결자전거,https://dnvefa72aowie.cloudfront.net/origin/article/202106/4b2ee662cbf7f1671ba35a7c23075602f0c211b4659ac79a456c5166e79b3f30.webp?q=82&s=300x300&t=crop,"mtb자전거에 연결하여 아이와 함께 자전거 라이딩을 즐길수 있는 자전거 입니다
몸무게 30kg이하 아이면 가능합니다",전남 해남군 해남읍,"90,000원",https://www.daangn.com/articles/252211558
자전거 중고 판매합니다,https://dnvefa72aowie.cloudfront.net/origin/article/202106/e3476733079e24fd3b2d5641645c3f9bea83cf20d9436d9201cf3306ca3151ab.webp?q=82&s=300x300&t=crop,"출퇴근용으로 작년에 와이프랑 같이 탈까하고 구매한 자전거 입니다.
시운전 한번 한 자전거이고 운행을 제대로 못해봤네요..
와이프가 임신하는 바람에 저도 따라서 안타게 되서 집 안에 놓고만 있다가 판매 할려고 올립니다.
운행해본결과 좋은 제품이니까 필요하신분은 연락주세요~~",전남 해남군 해남읍,"120,000원",https://www.daangn.com/articles/248963806
새 자전거 판매합니다,https://dnvefa72aowie.cloudfront.net/origin/article/202105/01019d94d8147814511b56e6cadb9ad06ddff8fe54d0c7606efc852dc0170f88.webp?q=82&s=300x300&t=crop,한번도 안탄 자전거 판매합니다 해남 삼천리자전거 a/s가능합니다,전남 해남군 해남읍,"130,000원",https://www.daangn.com/articles/241130418
실내운동 자전거,https://dnvefa72aowie.cloudfront.net/origin/article/202106/36305268bbe6deb659844e12dcb26a70c28b9f665f193182f27373f33665e12a.webp?q=82&s=300x300&t=crop,"실내에서 자전거운동용으로 실사용은 몇번되지 않습니다 작동잘됩니다
2019년4월 구입",전남 해남군 해남읍,"40,000원",https://www.daangn.com/articles/246728192
자전거 급매,https://dnvefa72aowie.cloudfront.net/origin/article/202106/7e343ab8ff037532400fe890ab7a386c2d8f7e9c487c9bbef089ca25f61f7362.webp?q=82&s=300x300&t=crop,"삼천리 라빈 26입니다.
구입후 시승만하고 그대로인 새것입니다",전남 해남군 해남읍,"130,000원",https://www.daangn.com/articles/244957166
삼천리 새자전거 판매합니다.,https://dnvefa72aowie.cloudfront.net/origin/article/202106/0f720e523ed0a441b418d6793fe79d507e6e88650f6ffa1ed52ae54eb50742cd.webp?q=82&s=300x300&t=crop,삼천리 새자전거 판매합니다.,전남 해남군 해남읍,"130,000원",https://www.daangn.com/articles/244761413
자전거 운동기구 팔아요,https://dnvefa72aowie.cloudfront.net/origin/article/202106/6662d5b63f6b18f64058f4595411d055823f0a7c6ef6666931da60bcd9d16f74.webp?q=82&s=300x300&t=crop,"코로나 때문에 집에서 운동하시기 딱입니다
상태 양호합니다",전남 해남군 해남읍,"50,000원",https://www.daangn.com/articles/243956559
스피닝자전거 팔아요,https://dnvefa72aowie.cloudfront.net/origin/article/202106/3ee1427bde700a039df105fa76955608852b64c012537c7a19fc5e52c1ed19d4.webp?q=82&s=300x300&t=crop,"구매한지는 1년 좀 되었지만 헬스장을 동시에 다녀서 그런가 사용횟수는 얼마 안됩니다..
가지고 가시기 힘드시니 원하시면 상황봐서 가까운 곳이면 배송해드릴 생각입니다",전남 해남군 해남읍,"100,000원",https://www.daangn.com/articles/242997504
픽시 자전거 판매합니다,https://dnvefa72aowie.cloudfront.net/origin/article/202105/c61796074188b888e146310eca5a57ad3446f5852ad9957adf15a8ed2889a25f.webp?q=82&s=300x300&t=crop,"타이어 얼마전에 갈았고요 
그립 조금 뜯어진 거 말고는 멀쩡합니다",전남 해남군 현산면,"100,000원",https://www.daangn.com/articles/241011134
자전거 판매합니다,https://dnvefa72aowie.cloudfront.net/origin/article/202105/d30b11133c90296efda82ea0be221e72e24a92c1a6967a085293860fcd9a4d2f.webp?q=82&s=300x300&t=crop,"자전거 안써서 판매합니다.
타이어 얼마 전에 갈았고요 
기어 모두 멀쩡합니다",전남 해남군 현산면,"150,000원",https://www.daangn.com/articles/241007251
자전거 판매합니다.,https://dnvefa72aowie.cloudfront.net/origin/article/202104/cc3a80f497588d330254706f404d6e000f4a1e2b82f8290badcc8143fb355423.webp?q=82&s=300x300&t=crop,"구입시 정확한 가격은 모르지만 비싸게 줬던 기억만 있습니다. 고등학생이 타다가  바퀴(한쪽당 10만원으로 결제함) 교체하고,  휠도 교체한 후 잘 타지를 않아서 상태좋아요 (바퀴에 바람이 빠졌는데 판매시 바람 넣어서 판매할게요) 자전거에 대해 잘 알지는 못하지만 삼천리자전거 매장에서 좋은걸로 구입했어요.  보관은 항상 깨끗한 실내(창고)에서만 했고, 얌전하게 집 근처만 돌며 타던거라 상태 좋아요.

택배거래 불가합니다.  가까운 곳이라면 가져다 드릴 수 있지만 가급적 가지러 와주시면 더 고맙겠습니다.  꼭 필요하신분만 연락주세요.",전남 해남군 해남읍,"200,000원",https://www.daangn.com/articles/219513069
삼천리자전거,https://dnvefa72aowie.cloudfront.net/origin/article/202105/23dc2e97bbff02aff8669f04c8fa8f23b449ad9d7deeeac075c80d635e39ef0d.webp?q=82&s=300x300&t=crop,"삼천리 칼라스10자전거 팝니다
2020년 삼전리 매장에서 34만원 구입,
실사용 5회미만(거의 새것)",전남 해남군 해남읍,"220,000원",https://www.daangn.com/articles/237025316
실내자전거 판매,https://dnvefa72aowie.cloudfront.net/origin/article/202105/af3483c2f8e2bad4d7ee1b3df6f8cb195cf824f7e6433f7567eb735130769d31.webp?q=82&s=300x300&t=crop,작동 잘되며 상태는  깨끗합니다,전남 해남군 황산면,"60,000원",https://www.daangn.com/articles/235779223
어린이 자전거 헬멧,https://dnvefa72aowie.cloudfront.net/origin/article/202104/74f4111726d3dfe6e667e542241e910adce1b8f3cf5d59c14eb13fffe503327f.webp?q=82&s=300x300&t=crop,"자전거용 어린이 헬멧입니다.
사용감 많아요.
편하게  하실분 저렴하게  가져가세요",전남 해남군 해남읍,"3,000원",https://www.daangn.com/articles/216542575
자이언트 (GIANT SCR)로드 자전거 판매합니다.,https://dnvefa72aowie.cloudfront.net/origin/article/202105/FE2DAB78BB427D229A71B303651DF5413F95E54B95A78F90F567B7A87033D1D8.jpg?q=82&s=300x300&t=crop,"자이언트 (GIANT SCR)로드 자전거 판매합니다.

자이언트 로드 자전거 판매합니다. 녹이 좀 슬었는데 타고 다니는데 이상 없습니다! 추가로 휴대폰 거치대 및 앞 뒤 충전용 후레쉬,헬멧도 함께 드립니다.",전남 해남군 송지면,"300,000원",https://www.daangn.com/articles/228886009
자전거 로드 입문용,https://dnvefa72aowie.cloudfront.net/origin/article/202105/e9fb6909c7f534caedccf4ced836679360b86f98bc9493339c836c50d8e02350.webp?q=82&s=300x300&t=crop,"관리 a급 수리할때없읍니다
핸들바  비비  케이블 타이어 올 교체   510   키 170  180  페달  안장 교체해서드림
잔기스 없음",전남 해남군 해남읍,"330,000원",https://www.daangn.com/articles/228522755
"어벤저스 어린이 자전거
16인치",https://dnvefa72aowie.cloudfront.net/origin/article/202104/94df0c0c9585673c654f5dac15c0e06a06a6effbf5d71ff92dfb3132e7db0d7a.webp?q=82&s=300x300&t=crop,"사용감 거의 없습니다.
5~7세 타기 좋아요",전남 해남군 해남읍,"80,000원",https://www.daangn.com/articles/227394156
로드자전거,https://dnvefa72aowie.cloudfront.net/origin/article/202104/01E36ED54696B6B18C5B171988548C106F737E1F74C463D7AC16693500453928.jpg?q=82&s=300x300&t=crop,"잔기스없이산태좋고 첼로브랜드에 풀카본자전거
사이즈는490입니다 궁금한거있으면물어보세요
가격제안받습니다 구동계는 105급입니다",전남 해남군 해남읍,"700,000원",https://www.daangn.com/articles/227156707
아동용 자전거,https://dnvefa72aowie.cloudfront.net/origin/article/202104/9d3eff49b06d3ef65bf35334423d6e4da4667f618b591ed8217037189dbe1a91.webp?q=82&s=300x300&t=crop,"아동용 자전거 팝니다~
사진상으로 두발 자전거로 사용할수 있고 보조바퀴 장착하면 네발 자전거로 사용할수 있습니다.
참고로 보조바퀴.열쇠통 공짜로 드립니다~^^
6살부터 초등학교 저학년 까지 사용 가능합니다~~
꼭 필요한분.&amp;사실분만 채팅 해주세요^^
에눌이 없습니다~~",전남 해남군 해남읍,"80,000원",https://www.daangn.com/articles/226624975
접이식 아동자전거,https://dnvefa72aowie.cloudfront.net/origin/article/202104/20f6cdf32f9d56e198103697ebcdeafab64c154fcb950f6e4b5307f678467fe7.webp?q=82&s=300x300&t=crop,"오랫동안 사용하지않아  먼지있어요
타이어 공기주입후 사용바랍니다
환불 안됩니다",전남 해남군 해남읍,"50,000원",https://www.daangn.com/articles/225737870
자전거 팔아요(20인치),https://dnvefa72aowie.cloudfront.net/origin/article/202103/ba3981f57e15f2daf303a724f6533149f1f397297b955a8fef994389bc82de89.webp?q=82&s=300x300&t=crop,"7세~초등저학년이 타기좋은 
중고지만 새것같은 자전거 팔아요
작년 어린이날에 사서 코로나때문에
거의 타보지도 못하고 방치중입니다
접이식이라 휴대하기도 편합니다",전남 해남군 해남읍,"120,000원",https://www.daangn.com/articles/213639809
숀리 x바이크 팔아요,https://dnvefa72aowie.cloudfront.net/origin/article/202105/B3B46C18F7E090C3B73BF5E917CDD1E47BF961EF06DEAD5B1A168B6ED6F4C2FD.jpg?q=82&s=300x300&t=crop,"안녕하세요.

숀리 x바이크 팔아요~~!!!

기울기 조정 가능하고
자전거 타면서 밴드로 손 운동 가능하고
운동 강도 조절 가능합니다.

운동량 표시하는 곳에 스마트폰 거치대 있어서
유튜브나 넷플릭스 보면서 운동 가능하세요.

집에서 홈트 하실 분들 연락주세요^^",전남 해남군 황산면,"50,000원",https://www.daangn.com/articles/228696044
자전거 트레일러,https://dnvefa72aowie.cloudfront.net/origin/article/202104/32519b8877d0cd80943ec84c94be9a7cf957aefc255926ea8144527856dd2e0f.webp?q=82&s=300x300&t=crop,"자전거 트레일러입니다.
당근에서 사서 보관만하다가 판매합니다.
자세한 내용은 산타자 트레일러 검색해주세요.",전남 해남군 해남읍,"50,000원",https://www.daangn.com/articles/221547792
성인자전거 팔아요!,https://dnvefa72aowie.cloudfront.net/origin/article/202104/40d54ace3394d82d09b79efb91fab32dfe109baef4f4973aa2c936010e5853ee.webp?q=82&s=300x300&t=crop,구입후 한번 타고 그 후로 밖에 방치해놔서 녹슬었어요..오시면 자전거 한대 더 드릴께요,전남 해남군 해남읍,"100,000원",https://www.daangn.com/articles/221167240
숀리 실내자전거,https://dnvefa72aowie.cloudfront.net/origin/article/202104/5A464625880CCBBA439782EA149FF9C66C76C3993E37714F2DFB7EDDAA9DF273.jpg?q=82&s=300x300&t=crop,"숀리 바이크 판매 합니다. 
다른 운동에 흥미가 생겨 자리 차지만 해서 판매 합니다.  밑에 패드는 미.포.함 입니다 .
본체만 판매 하구 실사용 정말 얼마 안되서 거의 새상품 입니다. 구교리이구요 가지러 와 주세요",전남 해남군 해남읍,"70,000원",https://www.daangn.com/articles/220731402
여성자전거,https://dnvefa72aowie.cloudfront.net/origin/article/202104/fc0160ada2e97fe9fc47f30b5e4a753e56cb150dee73b93d486be4ac727d9db1.webp?q=82&s=300x300&t=crop,"한달된자전거    기아8단 뒷자석 6세미만
자전거입니다35만원주고산거임",전남 해남군 해남읍,"150,000원",https://www.daangn.com/articles/219878020
접이식 자전거입니다~~^^,https://dnvefa72aowie.cloudfront.net/origin/article/202104/aad1bf4a620d258c04a1523339ca1e9e2cae4764a67e3b51a6f5263aa9969480.webp?q=82&s=300x300&t=crop,"선물받은 접이식 자전거에요~   
실사용은 제일중에서 2번정도 타본게 다네요~~
계속 먼지만 쌓일것같아서 입양보낼려구요ㅎ",전남 해남군 해남읍,"50,000원",https://www.daangn.com/articles/218578437
자전거자물쇠,https://dnvefa72aowie.cloudfront.net/origin/article/202103/11bf49d4e9fdac5c75cca57c35e7679cfd9e4e56e77f98ae8e0557b81d9ef98f.webp?q=82&s=300x300&t=crop,한번도쓰지않은 새제품입니당,전남 해남군 해남읍,"5,000원",https://www.daangn.com/articles/213085313
새 자전거 팔아요..!,https://dnvefa72aowie.cloudfront.net/origin/article/202103/DEBD0FDA60FD44B9F799830C2EAE71BF7F75D19F58256B0E65F948B8F9539BFE.jpg?q=82&s=300x300&t=crop,"구매한지 일주일도 안됬습니다... 아내가 집 앞 공원에서 1시간 연습하다가 도저히 안되겠어서 팝니다... 팔고 작은걸로 다시 구매하려 합니다..

해남읍내는 직접 배달해드립니다. 아니면 가지러 오셔도 되요~ 구매한 뒤로 계속 집에서 보관했고 앞으로도 집 안에 보관하고 있겠습니다~

조금은 네고할 수 있어요~
------------
사이즈를 안적었네요..! 26인치입니다~",전남 해남군 해남읍,"120,000원",https://www.daangn.com/articles/213043134
실내자전거,https://dnvefa72aowie.cloudfront.net/origin/article/202103/4ee46d76fee8e0358c3acffd2745466dc2188250ac4b8b6a8fd825ee72b30b2f.webp?q=82&s=300x300&t=crop,"고급제품 실내자전거 입니다 사용하지 않아 내놓습니다 그냥 싸구려가 아닙니다 헐스클럽에서 사용하는 멋있고 운동하는데 최고 입니다
칼로리소모량 그리고 이동거리등 모두 표현 됩니다
북평면 남창 인근 입니다 
하체에 바퀴가 달려 있어서 끌어낼수 있으나 여성분은 어려울 듯 합니다 작은 승용차에는 적재가 좀 여려울듯 하고 대형 SUV  또는 봉고 승합차는 가능 할것 같아요
연락처 공일공 23일일 90오팔",전남 해남군 북평면,"100,000원",https://www.daangn.com/articles/212788350
레저용  자전거  판매,https://dnvefa72aowie.cloudfront.net/origin/article/202103/436497fa447fb7ff6e3fea84b9d59914adb317dd23a65731dc2d209d585223e2.webp?q=82&s=300x300&t=crop,"레저용  자전거판매합니다.2020년  5월에  구입햇구요. 집이  도로가여서   위험해서   1~2번 타고  안탐    3대   가져가실분  원합니다. 바람   넣을수 있는것도  덤으로
한대당  50000원   타는운동  좋아하시는분만   가져가세요?",전남 해남군 황산면,"150,000원",https://www.daangn.com/articles/212772876
자전거~~,https://dnvefa72aowie.cloudfront.net/origin/article/202103/c43a4832935eb7b0f0d457a8e9d1b8fbd964850eebe141be2964929137fbbbc8.webp?q=82&s=300x300&t=crop,"자전거 팔아요~~~
사용감 많아요~~~",전남 해남군 해남읍,"20,000원",https://www.daangn.com/articles/211039415
실내자전거,https://dnvefa72aowie.cloudfront.net/origin/article/202103/f48ddb37434bc18b009263bdef4c5b25eccb4a564e3c3da35ba8ed7fac1d25bb.webp?q=82&s=300x300&t=crop,작동 잘됩니다,전남 해남군 해남읍,"20,000원",https://www.daangn.com/articles/210917351
홈트 최강 실내자전거,https://dnvefa72aowie.cloudfront.net/origin/article/202103/e2bbeeb1b659cf54fa64cb5f4457fa757643f007cde539419425fce289c1b5e5.webp?q=82&s=300x300&t=crop,"15단20분만 KH8200 실내헬스자전거 헬스기구 운동기구 입니다
접이식은 아니지만 공간많이차지하지않아요~
저녁시간때 배달서비스가능합니다~~^^",전남 해남군 해남읍,"80,000원",https://www.daangn.com/articles/210453032
자전거팝니다.,https://dnvefa72aowie.cloudfront.net/origin/article/202103/ecbeda70eb21c5a04b32383fbd08a42bc24d76ab94adf4c97ab855951b07b884.webp?q=82&s=300x300&t=crop,자전거팝니다. 무료배송,전남 해남군 해남읍,"70,000원",https://www.daangn.com/articles/210308041
자전거팝니다,https://dnvefa72aowie.cloudfront.net/origin/article/202103/3f1ac7b9e16214756da0badc3bdf984f2006e7306b49ae8f85a2e5ac4fcee608.webp?q=82&s=300x300&t=crop,자전거팝니다  무료배달해드릴께요,전남 해남군 해남읍,"70,000원",https://www.daangn.com/articles/210307697
자전거팝니다,https://dnvefa72aowie.cloudfront.net/origin/article/202103/cbc61069b3f5ed506a9541f6bda8145a060d98ed8627d458c975c15523868935.webp?q=82&s=300x300&t=crop,자전거팝니다무료배송,전남 해남군 해남읍,"70,000원",https://www.daangn.com/articles/210308611
접이식자전거 팝니다,https://dnvefa72aowie.cloudfront.net/origin/article/202103/d62fbee6837861c13755aca6fdef87a396eff921764baafd0a9814b981992994.webp?q=82&s=300x300&t=crop,자전거팝니다  배달해드릴께요,전남 해남군 해남읍,"70,000원",https://www.daangn.com/articles/210307048
자전거팝니다,https://dnvefa72aowie.cloudfront.net/origin/article/202103/cdf618031b312c15239d8407198bf5ce50bc009a2700f54d64dbc5d03b74cd39.webp?q=82&s=300x300&t=crop,자전거팝니다  다잘됩니다 배달해드릴께요,전남 해남군 해남읍,"70,000원",https://www.daangn.com/articles/210306407
자전거팝니다,https://dnvefa72aowie.cloudfront.net/origin/article/202103/d59137c0f749bab7e22f580f73615fae8acb84ddf188ea480e85d6c8ea41c782.webp?q=82&s=300x300&t=crop,자전거팝니다 무료배달,전남 해남군 해남읍,"50,000원",https://www.daangn.com/articles/210305727
실내 자전거 판매합니다,https://dnvefa72aowie.cloudfront.net/origin/article/202103/42a71c7fc09f3299f67a60a9c9186d1abf61cb655e310184fa76269abfd60074.webp?q=82&s=300x300&t=crop,"구매 의사 있으신분 연락 주세요
가격은 절충 하시게요",전남 해남군 황산면,-,https://www.daangn.com/articles/206023045
자전거,https://dnvefa72aowie.cloudfront.net/origin/article/202101/b67483d00a0f57d73efe9755cae895bc7805a7b625b5cdcd6f37a74cf91d52e7.webp?q=82&s=300x300&t=crop,"신품가 150000원 거의새제품 입니다 
사용감도 거의없구요 사용안하고 창고보관 해서 공기가 조금 빠졌어요",전남 해남군 마산면,"80,000원",https://www.daangn.com/articles/177044540
자전거,https://dnvefa72aowie.cloudfront.net/origin/article/202102/24ce6e53187469a16f4f327c8740ffd21058d77de86b63cf2aab2ef01a255d4e.webp?q=82&s=300x300&t=crop,잘타고 다니다 창고에 보관해둔 자전게 입니다 튜뷰가 삭았습니다 필요하신분 연락주세요 ^~^,전남 해남군 해남읍,"60,000원",https://www.daangn.com/articles/199448093
자전거 팔아요,https://dnvefa72aowie.cloudfront.net/origin/article/202103/15d6ebe2e8dfc66ea8840395463e70533cfbea3e7dec4b6166f4c94199b79d1d.webp?q=82&s=300x300&t=crop,"탈려고 샀다가 
한두번 타고 방치 해놓은 자전거입니다
깨끗하게 세차해서 타시면 될것같습니다",전남 해남군 해남읍,"40,000원",https://www.daangn.com/articles/202638990
실내 자전거 팝니다,https://dnvefa72aowie.cloudfront.net/origin/article/202102/b256dd1db45fe46ba8b830b552d330b88908f24be40404aa5b829c4adc993237.webp?q=82&s=300x300&t=crop,"안장없는 실내 자전거 입니다
창가에 놔뒀더니 색바램 있어요
운동하는데는 지장없어요
사진 그대로 모습입니다
전자판쪽은 비닐도 제거하지 않았습니다
중고특성상 반품 불가입니다.
승용이나 작은 SUV에는 들어가지 않습니다.
접었을때 길이 약 2m 정도..참고하세요.",전남 해남군 황산면,"50,000원",https://www.daangn.com/articles/193686556
여성용자전거,https://dnvefa72aowie.cloudfront.net/origin/article/202101/b56b35089f7076fc717589b61b393bb7f45f587d5fdc3fb41af62643da15daff.webp?q=82&s=300x300&t=crop,"산지 2년정도  된건데 면에서 살때는 가끔 애용한건데 읍으로 이사해서 팔아요.
아직  탈만해요. 사용흔적있으니 참고하세요.
얼마전 저전거바퀴 바람이 빠져서 샀는데 바람넣은것도 같이 드려요. 열쇠도 얼마 전 구입  몽땅 다 드려요.",전남 해남군 해남읍,"30,000원",https://www.daangn.com/articles/171430000
알톤 500D 자전거,https://dnvefa72aowie.cloudfront.net/origin/article/202101/FC510E9EBF32EB88453AA609D196A365DEFD703751EA5247B8E1F6142F577644.jpg?q=82&s=300x300&t=crop,"알톤 알로빅스 500D 입니다 
실사용 2번했고 상태는 양호합니다 
베란다에 내놔서 먼지만 쌓였지 깨끗합니다
26인치, 24단 변속레버, 8단 프리휠 
무게는 14~15 입니다 
해남읍이며, 필요하시면 톡주세요~",전남 해남군 해남읍,"100,000원",https://www.daangn.com/articles/181116230
자전거 안전모자 필요하신분,https://dnvefa72aowie.cloudfront.net/origin/article/202012/33645422a5753c1a95ff8944ea586a82a94d0a9d8e17f2934b11147d8b4aa196.webp?q=82&s=300x300&t=crop,"생활기스좀있구요 자전거랑같이 드릴려했는데
가지구계신다구해서 올려봐요
정말필요하신분 톡주세요",전남 해남군 해남읍,나눔,https://www.daangn.com/articles/168916402
MTB 삼천리 스팅거 21단 자전거,https://dnvefa72aowie.cloudfront.net/origin/article/202012/5cc75f0d438b29266048620a43cdda85d57e43392beef8eb0c7e4a41648dc613.webp?q=82&s=300x300&t=crop,"사진 이미지 제품은 아닙니다
현재 방치되어있습니다 해남읍 동초등학교 정문
CU편의점 앞 난간에 방치되어있네요
필요하신분은 톡주세요 열쇠번호 알려드릴게요
좀 오래 방치되어서 상태가 매우 안좋을거에요",전남 해남군 해남읍,나눔,https://www.daangn.com/articles/168840097
(S급)하이브리드 자전거 판매합니다,https://dnvefa72aowie.cloudfront.net/origin/article/202012/13a1c988941cfaf77dc42692a80e3684d91cb2ce392c79754dbb5862cfaf82a2.webp?q=82&s=300x300&t=crop,"하이브리드 자전거 판매합니다

일반 도로에 활성화 된 자전거 입니다.
로드 -하이브리드 - mtb

로드와 mtb 사이의 종류 라고 생각 하시면
됩니다, 로드 처럼 잘나가고 입문용으론 
최고라 생각합니다.

구입가 300,000원에 보호장구류 
헬맷 (50,000)원 등 거치대 포함해서 드립니다.

구입 후 2회 타보았습니다.
타지 이사 계획이라 급히 보냅니다.
기술직이다보니 탈 시간이 없네요

010-8260-2401",전남 해남군 해남읍,"230,000원",https://www.daangn.com/articles/164111805
헬스용품 ㅡ 실내자전거,https://dnvefa72aowie.cloudfront.net/origin/article/202012/2bea785a1cd6ba7eda3239b7e644bfb9485bf2220433f3c1ec4babb9c039e9b6.webp?q=82&s=300x300&t=crop,"헬스용품 ㅡ 실내자전거
온라인 실거래 가격 ㅡ 688,000원
판매가격 ㅡ 200,000원
지역 ㅡ 해남
연락처 ㅡ 010 5429 1348

구입 후 여건상 사용한 적 거의 없어, 새 제품과 다름 없음.

&lt;물건 인수는 매수인이 직접 가져 가시는 것으로&gt;",전남 해남군 삼산면,"200,000원",https://www.daangn.com/articles/159566094
미니자전거 팔아요,https://dnvefa72aowie.cloudfront.net/origin/article/202010/a006eaf51bebc346d6e5e52fa850c95f5f64e18192e907e33eb808807fc35b16.webp?q=82&s=300x300&t=crop,"미니자전거 팔아요
5번정도 사용함",전남 해남군 해남읍,"30,000원",https://www.daangn.com/articles/133952478
7단기어 레스포 자전거,https://dnvefa72aowie.cloudfront.net/origin/article/202011/998b686f2d8ba5660136084f71519b4b7140a9b29f87897c84167986e2e57307.webp?q=82&s=300x300&t=crop,"서브품목
서치거치대,휴대폰거치대,휴대용펌프 증정
2년전 구매후 보름정도타다 그대로 있는 자전거입니다.",전남 해남군 송지면,"80,000원",https://www.daangn.com/articles/151881788
자전거  드림합니다.,https://dnvefa72aowie.cloudfront.net/origin/article/202011/4863F7633BBF3A6CFD7948E847D8AE52244CDC36624BE0B8111D825BC46D3DC5.jpg?q=82&s=300x300&t=crop,필요하신분 가져가세요! 해남 해남읍입니다.,전남 해남군 해남읍,나눔,https://www.daangn.com/articles/150837426
자전거,https://dnvefa72aowie.cloudfront.net/origin/article/202011/f63a74b69fbe4dcf6fbea108fbdd70c3e59bae96be06b6680822f0f046e0b049.webp?q=82&s=300x300&t=crop,"삼천리 스몰박스20인치, 기어는 7단이예요. 사용감 있어요!",전남 해남군 해남읍,"50,000원",https://www.daangn.com/articles/150783239
700c 퀘이크 픽시,https://dnvefa72aowie.cloudfront.net/origin/article/202011/5038a472f965eb689de7a60fef9d1a61849ece6e3d5cbed6a0be7b72957fd986.webp?q=82&s=300x300&t=crop,"삼천리 자전거에서 산 700c퀘이크 입니다 상태 A급
생활기스 몇군데 있구요 핸들바 쫌 까져서 테이프 붙여놨습니다 정가 43만원에 샀어요. 채팅 주세요!
직거래는 해남 군청에서 하고 택배 거래는 선입금 확인 후 우체국 택배로 보내드립니다.",전남 해남군 삼산면,"230,000원",https://www.daangn.com/articles/154059407
자전거 캐리어(yi-806),https://dnvefa72aowie.cloudfront.net/origin/article/202011/e0a96b649c8b4d1d4bc38aebc68c0b7a586d69071a5dc1735d296a911084fcf2.webp?q=82&s=300x300&t=crop,"suv용캐리어 팝니다
박스 개봉전상태 그대로입니다",전남 해남군 송지면,"130,000원",https://www.daangn.com/articles/149153521
주니어 자전거 팝니다.20인치,https://dnvefa72aowie.cloudfront.net/origin/article/202011/a56dede453aad6927d83097c73bb1d3d4f20ba28c239f54e02605fc23c14abc4.webp?q=82&s=300x300&t=crop,"20인치 자전거 입니다.
손잡이 쪽 긁힘이 있으나 상태 좋습니다.
010  3569  7829",전남 해남군 해남읍,"80,000원",https://www.daangn.com/articles/149036848
샘트라이크 접이식 세발자전거,https://dnvefa72aowie.cloudfront.net/origin/article/202011/900AA6866E6E27F68FD465E5B7703C5808E6D22A19D70A6C38F3D222A1E49D37.jpg?q=82&s=300x300&t=crop,^^,전남 해남군 해남읍,"10,000원",https://www.daangn.com/articles/145661166
자전거 일괄 판매합니다.,https://dnvefa72aowie.cloudfront.net/origin/article/202010/8220b7fa110785b4b85f67fd97d442cb3930fcb125411f6fac756c96ef9d70e2.webp?q=82&s=300x300&t=crop,"자전거 세대 일괄 판매합니다.
세대 모두 좀 험하게  탔네요^^
부분 수리(핸들손잡이고무, 주차거치대, 따릉이)하시고 세차하면 A(-)급은 되리라 생각합니다.

세대 구입비용이 50여만원이었습니다.
부분 수리비, 세차비 빼고 도합 20만원에 판매하고 싶습니다.

예민하신 분 패스해 주세요~~
가지러 오셔야 돼요.",전남 해남군 옥천면,"200,000원",https://www.daangn.com/articles/144072078
자전거 판매합니다.,https://dnvefa72aowie.cloudfront.net/origin/article/202010/fa5f4f5891ffcf4ebb8634e050061428ff63a22ae72aefeb8f6aa92254cf833e.webp?q=82&s=300x300&t=crop,"중고자전거 판매합니다. 구입가격 140,000원에  매장에서 구매했구요 10월 19일에 구매해서 총 42km탔구요 삼천리 자전거에서 샀습니다.",전남 해남군 해남읍,"80,000원",https://www.daangn.com/articles/142919273
어린이 자전거 (해남읍),https://dnvefa72aowie.cloudfront.net/origin/article/202010/fa7bf024c0f3f5b0aa35ea337fad97f50f32ff5975c0daf6336619578e886d48.webp?q=82&s=300x300&t=crop,사용하다 작아서 내놓아요~,전남 해남군 해남읍,"40,000원",https://www.daangn.com/articles/141138407
자전거 팔아요~~,https://dnvefa72aowie.cloudfront.net/origin/article/202010/11f71854ee5914835972ac41008e71076e6d755187e151297978fd6d123af924.webp?q=82&s=300x300&t=crop,아들이 타던자전거인데 로드 자전거 구입후 로드만 타고다녀서 판매합니다~,전남 해남군 해남읍,"80,000원",https://www.daangn.com/articles/140137686
삼천리 여성용 자전거 팝니다,https://dnvefa72aowie.cloudfront.net/origin/article/202010/B8F41F7A31D1BACD5E3AB3D91CAE1E9E5A4C42C4501902FF28BAAFB12221F879.jpg?q=82&s=300x300&t=crop,시마노 7단이고 새것이나 다름없습니다,전남 해남군 문내면,"120,000원",https://www.daangn.com/articles/137751287
자전거 팔아요,https://dnvefa72aowie.cloudfront.net/origin/article/202010/a994a77d41959b0160ace771f07cb7ae0de3ae5fc2842794c409e03c116f93be.webp?q=82&s=300x300&t=crop,"아버님께서 밭에 가실때 타실라고 구매해드린건데 몸이 아프셔서 못타세요.

삼천리자전거에서 28만원(현금)주고 산건데 몇번 못타보고 그대로 있어요.

상태 좋아요. 마실 나갈때 타기에 좋고 뒤에 짐도 실고 앞뒤 라이트가 있어서 야간에도 안전해요.",전남 해남군 현산면,"100,000원",https://www.daangn.com/articles/135617725
스포츠/레저,https://dnvefa72aowie.cloudfront.net/hoian/category/thumbnails/v2/img_thumb_sports.png,"아이들이 타던 자전거입니다
기어변속과 브레이크 케이블등 조금 수리하시면
사용하실 수 있습니다
구동하는데는 이상 없습니다
총 2대 입니다

예약하고 연락이 안되어 예약 받지 않고 필요 하신 분 그냥 가져 가세요

완료 되었습니다",전남 해남군 황산면,나눔,https://www.daangn.com/articles/132683908
자전거팝니다,https://dnvefa72aowie.cloudfront.net/origin/article/202009/73503211f327d4aef4bdd343cad62acb689998d5ab9630c951069f15317e63dc.webp?q=82&s=300x300&t=crop,자전거팝니다 주소찍어주시면가져다 드릴께요,전남 해남군 해남읍,"80,000원",https://www.daangn.com/articles/130571917
자전거팝니다,https://dnvefa72aowie.cloudfront.net/origin/article/202009/0e642222ac352e93172fb86280e88115d04ae69a66bd98124b7a9bc27bc482e1.webp?q=82&s=300x300&t=crop,자전거팝니다 직접 가져다드릴께요,전남 해남군 해남읍,"80,000원",https://www.daangn.com/articles/130570358
자전거팝니다,https://dnvefa72aowie.cloudfront.net/origin/article/202009/6e791e4b701a0f80ecbc280fcd60a3855b8e9e339b92655df9024c54e7529624.webp?q=82&s=300x300&t=crop,접이식자전거팝니다.잘됩고'가져다드릴께요.,전남 해남군 해남읍,"80,000원",https://www.daangn.com/articles/130378747
자전거팝니다,https://dnvefa72aowie.cloudfront.net/origin/article/202009/5dd131898856a9664312641dad7d89ac4d23ee6a24441c584f6ecad51ebc9b3a.webp?q=82&s=300x300&t=crop,자전거팝니다 가져다 드릴께요,전남 해남군 해남읍,"90,000원",https://www.daangn.com/articles/129456458
실내자전거사실분,https://dnvefa72aowie.cloudfront.net/origin/article/202009/bce368973c47fd5655bbf8f55559291d7a3fbcd10ce1c83beb5b017b3b48f33c.webp?q=82&s=300x300&t=crop,채팅으로 주세요,전남 해남군 해남읍,"40,000원",https://www.daangn.com/articles/128285453
자전거헬맷 2종  모두 가져가세요~,https://dnvefa72aowie.cloudfront.net/origin/article/202009/bc0ea44b8827397a1fae63de26ea504aad60aeded62926f0ddd7cfdb74be263a.webp?q=82&s=300x300&t=crop,"안전보호장구인 자전거나 인라인탈때 쓰는 헬멧 2종과 발가락양말4쌍까지 모두 드려요. 
저희 아이들이 썼던건데 이제 자전거탈일없어서 모셔두고 있던거네요.

중고품이란거 감안하시고 구매하시길 바래요.
사이즈는 M라 되어 있지만 대부분의 아이들은 두상에 맞을거에요.  저두 사이즈는 맞네요. 
발가락양말^^ 덤으로 드립니다. 양말은 한번 신어봤어요.",전남 해남군 해남읍,"10,000원",https://www.daangn.com/articles/126763682
자전거팝니다,https://dnvefa72aowie.cloudfront.net/origin/article/202009/bf27188ca6125f78822667afe4e7d1d714124c298fbe4f41aaea6bff6799c38c.webp?q=82&s=300x300&t=crop,"바람이없네요 (바퀴는 안터진것같아요) 가지러오시면됩니다
140 170여성이 타는자전거에요 잠금장치도드릴게요",전남 해남군 해남읍,"30,000원",https://www.daangn.com/articles/125539300
유아 장난감2,https://dnvefa72aowie.cloudfront.net/origin/article/202009/4D0C768981BE70CD450008A6DA9E1FC76015D2424310C3699F3C3C9771165A55.jpg?q=82&s=300x300&t=crop,"치코 3in1 보행기 (보행기,워커,자전거)
러닝테이블은 그냥 드려요 (가끔 렉걸리는 이상있어요^^)",전남 해남군 해남읍,"50,000원",https://www.daangn.com/articles/128657073
접이식자전거팝니다,https://dnvefa72aowie.cloudfront.net/origin/article/202009/183db135bd826d6581bd6853eb8c6a883cc49b8b5f5b8d5bca933177c47df7d4.webp?q=82&s=300x300&t=crop,접이식자전거팝니다 상태굿 입니다수리완료.,전남 해남군 해남읍,"80,000원",https://www.daangn.com/articles/121977317
자전거헬멧,https://dnvefa72aowie.cloudfront.net/origin/article/202009/970dd93e38eab2820a9ae2ab3e4b007da21eb5ba355c61c58b88fc2a4d979073.webp?q=82&s=300x300&t=crop,"자전거헬멧
구입한지는 조금 되었지만  한번도 사용하지않은
새 상품입니다
자전거탈때 아이들 안전모로 좋을것같아요",전남 해남군 해남읍,"10,000원",https://www.daangn.com/articles/123344020
자전거,https://dnvefa72aowie.cloudfront.net/origin/article/202009/084d3ecd51205bf56df845f18e7568df1afbe3b5cd1a96576704d678276d9a28.webp?q=82&s=300x300&t=crop,자전거2대 각5만2만원 판매합니다,전남 해남군 해남읍,"70,000원",https://www.daangn.com/articles/122806191
픽시자전거,https://dnvefa72aowie.cloudfront.net/origin/article/202008/4c77d280b8317bfebae727005210ac34b09b38d24f8b806217965ca48cb2d4af.webp?q=82&s=300x300&t=crop,자전거 팔아요,전남 해남군 해남읍,"40,000원",https://www.daangn.com/articles/109558290
청소년 도서 4권,https://dnvefa72aowie.cloudfront.net/origin/article/202008/2DB46CF9B1F804F2CD348CDE784597F8E1FFD1DB95EE372B1705265FAC8F5D69.jpg?q=82&s=300x300&t=crop,"소나기 
위저드 베이커리 
자전거 도둑
샬롯의 거미줄 
4권 모두 
책상태는 깨끗한 편입니다",전남 해남군 산이면,"5,000원",https://www.daangn.com/articles/114445329
엑사이더 exo360 실내자전거,https://dnvefa72aowie.cloudfront.net/origin/article/202007/c57cad96f24a424a63b62884164f3bdd4619250f8eff2c49e792df8d6a580c17.webp?q=82&s=300x300&t=crop,"출산하고 무리없이 잘이용했어요~
엉덩이 의자없는거에요
엑사이더ex360 쳐보시면 자세히나와요ㅎ",전남 해남군 삼산면,"43,000원",https://www.daangn.com/articles/107894195
실내용 스피닝,https://dnvefa72aowie.cloudfront.net/origin/article/202008/b6856a83db46bedd2000a866ad46342882c2777e16f2ad2d78f301436a46a5a3.webp?q=82&s=300x300&t=crop,"의자 없는 스피닝 자전거 판매 합니다~
접을 수 있구요~ 의자가 없고 발판은 실내화 신어야하는 부분 있습니다
단계별로 운동 가능~
가지러 오셔야 해요~

환불교환 없음",전남 해남군 해남읍,"15,000원",https://www.daangn.com/articles/110070200
새자전거팝니다,https://dnvefa72aowie.cloudfront.net/origin/article/202007/e58123dc57b75e01e1f625bcb956cce66a203d38105a15bdd89f3c08aee50369.webp?q=82&s=300x300&t=crop,자전거 필요한분만 연락주세요~^^,전남 해남군 해남읍,"80,000원",https://www.daangn.com/articles/104220880
자전거 헬멧 팔아요,https://dnvefa72aowie.cloudfront.net/origin/article/202007/d4aa0a7673e2c9b222deb6b32ce95611b220d5608a9a8206afc9ee8cd98ded36.webp?q=82&s=300x300&t=crop,"전회중고라서 물건에 큰 하자 없으면 교환, 환불은 어려운 점 이해 부탁드려요~

01074462271",전남 해남군 옥천면,"10,000원",https://www.daangn.com/articles/101673374
삼천리 어린이자전거.(아팔로치아),https://dnvefa72aowie.cloudfront.net/origin/article/202006/4ede4c477be7df6ab41f46877c54a0d23032ffb685bba98f0e212836686d07d2.webp?q=82&s=300x300&t=crop,"후레임이 알루미늄이라서 녹이 나지않고,가벼워요. 구입할때는 매장에서 최고 좋은거 샀어요.",전남 해남군 해남읍,"40,000원",https://www.daangn.com/articles/98466325
실내자전거,https://dnvefa72aowie.cloudfront.net/origin/article/202006/555c34b8d5b85041feae551c624ce7e6a59a8dff2cfc2f364f7ac6396c314e7f.webp?q=82&s=300x300&t=crop,"구입해서 별사용하지 않아 
내놓습니다
총사용 시간은 48시간정도
일가 싶네요 ㅎ",전남 해남군 마산면,"30,000원",https://www.daangn.com/articles/97100478
미토 캐리어,https://dnvefa72aowie.cloudfront.net/origin/article/202006/f21247b83596d307107d16a8bd9d18edd42acef0fdd30a7e8cf80ebd2e08c038.webp?q=82&s=300x300&t=crop,"차량용 자전거 거치대 
구입후 사용하지 않았습니다

오셔서 가지고가실분만",전남 해남군 해남읍,"45,000원",https://www.daangn.com/articles/98388830
삼천리 26인치라빈,https://dnvefa72aowie.cloudfront.net/origin/article/202006/1f439edb624b7a8c619bcdb628d6176590891a76fb807425373942b4b1db6635.webp?q=82&s=300x300&t=crop,"자전거 뒷브레이크고장났습니다. 청소해서드립니다.
해남에서만 직거래합니다.
자전거상태:양호
자전거1년반쯤사용
자세한문의는010-5621-7530해주세요",전남 해남군 해남읍,"35,000원",https://www.daangn.com/articles/96222472
MTB자전거 판매합니다.,https://dnvefa72aowie.cloudfront.net/origin/article/202005/d03afd7a8a223e5c7e18942f5ab597a02eab90ea03300b41e30f9cac71c1f371.webp?q=82&s=300x300&t=crop,"살때 250정도에 산거같네요.
헬멧은 같이 드릴께요.
안탄지가 좀 되서 타이어는 손좀 보셔야 될꺼 같네요.
거래후 환불안됩니다.",전남 해남군 해남읍,"300,000원",https://www.daangn.com/articles/84027547
자전거 저렴하게 가져가세요.,https://dnvefa72aowie.cloudfront.net/origin/article/202005/78c600dadda468e27c6edcc09cb0052077e9e09db4ad3a5c575a9905b5bcd15c.webp?q=82&s=300x300&t=crop,"새자전거나 다름없습니다.
타는 사람이 없어 운행한번 제대로 안해보고 처분합니다.
구입후 환불 안됩니다.",전남 해남군 해남읍,"50,000원",https://www.daangn.com/articles/84025569
성인 세발 자전거,https://dnvefa72aowie.cloudfront.net/origin/article/202004/c49c0edffeea6d67d8bdeae46ce08df3ac93a7a7f5fbd660e981eb1a67faf61d.webp?q=82&s=300x300&t=crop,"타실줄 알고 샀는데 못타셔서 먼지만 쌓였네요
필요하신분 연락주세요
중고라서 물건에 큰 하자 없으면 교환, 환불은 어려운 점 이해 부탁드려요~",전남 해남군 황산면,"100,000원",https://www.daangn.com/articles/75870462
"실내"" 바이크(자전거",https://dnvefa72aowie.cloudfront.net/origin/article/202004/b838baf1ca3242941eacdbd3561f3172d56b2b71dba9ad67336c2fd5ca24a1c6.webp?q=82&s=300x300&t=crop,"*실내에서 타는 자전거에요
*안장 두개구요.
*안장하나는 새거 입니다.
*갈아끼워서 쓰심 돼요""
접으면 공간차지 좋아요.
 *힘)근력에 따라  줄이고 늘려서
내게 맞는 싸이클 조절이 됩니다.
 이사짐 많아 내놓음요.^^
반품 .안되요""~^^
가지러 오셔야돼요
오시는길ㅡ
계곡면 장산길 39ㅡ27",전남 해남군 계곡면,"23,000원",https://www.daangn.com/articles/75463457
자전거,https://dnvefa72aowie.cloudfront.net/origin/article/202003/cdd6753799bc7cf952e67a8cdcb41a5e2dcfe5548a4225d7897a2ca55427fd5c.webp?q=82&s=300x300&t=crop,체인은 괜찮고 바뀌는 펑크 났는데 펑크는 떼어야 해요. 가지러 오셔야 해요 상태 좋아요,전남 해남군 문내면,"28,000원",https://www.daangn.com/articles/69560450
삼천리 stinger 100d 자전거 판매합니다,https://dnvefa72aowie.cloudfront.net/origin/article/202004/41f8fb2139d70fef617d263942f2a00dac268f7d2eaeba2fe011089f0451fd3d.webp?q=82&s=300x300&t=crop,"삼천리 stinger 100d 자전거 판매합니다
문의는 채팅주세요",전남 해남군 해남읍,"100,000원",https://www.daangn.com/articles/72670624
실내자전거 내놓습니다,https://dnvefa72aowie.cloudfront.net/origin/article/202003/aaaa1ed87f774a2ab4ac82ae0811ce5e6d6bd02b081098d42d4302b99314ede7.webp?q=82&s=300x300&t=crop,"수술후 재활용으로 사용했습니다
상태양호합니다",전남 해남군 해남읍,"30,000원",https://www.daangn.com/articles/68247826
자전거 헬멧,https://dnvefa72aowie.cloudfront.net/origin/article/202003/8e5f4d4fa30710b5318831e03c7e8eddcfb09b97ba457f2d784c970b89c4735d.webp?q=82&s=300x300&t=crop,자전거 헬멧 묶음 판매 해요 오셔야 돼요,전남 해남군 문내면,"20,000원",https://www.daangn.com/articles/63877386
